GT,SPVAE,all parts,5040,10240,20000
0.395,0.418355405,0.400263429,0.390131176,0.402647644,0.390125841
0.645,0.612404943,0.594432831,0.598665774,0.640559733,0.618036985
0.446,0.449699759,0.458512008,0.447411925,0.436869144,0.430882543
0.384,0.387385726,0.384585321,0.390233159,0.393646896,0.385149747
0.381,0.392310888,0.39021337,0.389640212,0.402243018,0.39149192
0.489,0.484014094,0.502842844,0.519392848,0.506954014,0.512693524
0.2,0.253542989,0.287386656,0.315001696,0.271227926,0.26527971
0.508,0.511456609,0.504370093,0.5221802,0.491461933,0.516006649
0.577,0.556554556,0.558212042,0.557048917,0.563577294,0.560175538
0.365,0.373838782,0.362899065,0.351125419,0.359859675,0.356490582
0.469,0.465985656,0.48611939,0.496592253,0.498682499,0.499843955
0.378,0.38680163,0.383166134,0.390111983,0.387325108,0.385232627
0.404,0.40612787,0.399328768,0.40366593,0.409446657,0.406034529
0.515,0.506804943,0.49611792,0.520555794,0.498480856,0.497071981
0.595,0.583093464,0.585077226,0.57652247,0.594270229,0.586631656
0.56,0.563663363,0.563876152,0.554996252,0.563109756,0.558743596
0.359,0.356064141,0.351501584,0.353168249,0.343603253,0.352588415
0.53,0.523075819,0.535289645,0.537603021,0.540173888,0.536859155
0.495,0.481907129,0.490684509,0.497804642,0.490485281,0.487633228
0.292,0.297162414,0.294744343,0.306297004,0.304323792,0.306613266
0.513,0.486627877,0.448845029,0.43653816,0.43659538,0.459358603
0.534,0.506823838,0.48559612,0.490014583,0.492181778,0.494317055
0.645,0.568142831,0.586175323,0.725440919,0.649213612,0.635926366
0.381,0.38399303,0.391342431,0.402414441,0.391884267,0.394564807
0.463,0.459269881,0.456343353,0.471120059,0.475086242,0.465326786
0.477,0.469165444,0.471464753,0.46962446,0.467118263,0.475328714
0.46,0.46945551,0.459947884,0.465333909,0.466697693,0.462284207
0.414,0.421762228,0.442584038,0.432634801,0.435306907,0.431998223
0.346,0.362491548,0.366139412,0.362523794,0.356444091,0.353970319
0.497,0.509638786,0.533137798,0.523451805,0.527962327,0.529383063
0.424,0.435603529,0.44712016,0.448380888,0.437954903,0.444137216
0.306,0.32913667,0.324745327,0.326339424,0.321959972,0.320589244
0.363,0.350015014,0.350314081,0.362293988,0.354351103,0.361129463
0.418,0.423291147,0.430202067,0.433321774,0.43263191,0.423444331
0.412,0.414778352,0.399444669,0.388967842,0.409864962,0.400074363
0.408,0.403074861,0.414758503,0.392776161,0.394558519,0.405430645
0.196,0.279230058,0.303831816,0.311936826,0.280707061,0.27589345
0.402,0.409387231,0.417546093,0.44744736,0.417644024,0.430268705
0.477,0.454288304,0.459777385,0.465672672,0.46975702,0.478465885
0.284,0.297104269,0.291179895,0.307252109,0.292748868,0.298633635
0.375,0.391978174,0.404586017,0.385011852,0.402258486,0.401661932
0.507,0.497144282,0.489698648,0.516216159,0.48453325,0.505964398
0.284,0.302790225,0.310721874,0.322144091,0.319129765,0.319593132
0.586,0.548760533,0.560046971,0.558506966,0.585266173,0.601543903
0.465,0.469543964,0.462670445,0.473069996,0.477032363,0.469292104
0.366,0.370220721,0.364768952,0.374321938,0.372430414,0.368785828
0.381,0.375123471,0.367702752,0.376244247,0.389223278,0.384469807
0.331,0.34026289,0.349690288,0.421147257,0.397098422,0.3713139
0.342,0.353832901,0.378563136,0.373756528,0.400850624,0.360480368
0.358,0.365327209,0.370118678,0.37428838,0.376989067,0.380484521
0.512,0.510645509,0.508574009,0.519666612,0.502359807,0.507791281
0.66,0.627776623,0.629920125,0.668515921,0.673042595,0.618635833
0.587,0.524055481,0.518989921,0.53386879,0.560480952,0.564826429
0.539,0.544895887,0.529666364,0.539713979,0.544588506,0.536129415
0.33,0.330494016,0.319078714,0.314645946,0.309374064,0.318678796
0.408,0.401893616,0.397611916,0.413826972,0.400208771,0.405375332
0.369,0.377028197,0.38870576,0.389297068,0.392540574,0.388147891
0.271,0.282232255,0.298195213,0.303778201,0.296952546,0.303347051
0.464,0.462913394,0.46931994,0.44765079,0.448002398,0.450883925
0.396,0.395730525,0.404518068,0.393375695,0.40438652,0.400588334
0.507,0.512192428,0.513453603,0.524537325,0.520393193,0.520242214
0.458,0.452339381,0.44675985,0.441134095,0.454978794,0.463352591
0.357,0.359992623,0.347324699,0.321951568,0.317496896,0.329626173
0.489,0.470414728,0.468393028,0.444557488,0.45745647,0.47090435
0.535,0.529024601,0.529739439,0.518675208,0.513590693,0.513831139
0.467,0.464518249,0.45605725,0.468002647,0.464488715,0.462181985
0.593,0.553418577,0.560357034,0.569349766,0.574582815,0.584781408
0.425,0.432509691,0.419496238,0.403956324,0.411097348,0.410961449
0.375,0.396401882,0.383890241,0.378512561,0.382803679,0.379105061
0.449,0.437418729,0.430626094,0.421173781,0.427203625,0.435716748
0.878,0.811824441,0.788912296,0.852906704,0.854584992,0.796505213
0.369,0.38699919,0.414748043,0.387972206,0.387745321,0.385053128
0.322,0.329103887,0.31863004,0.328693688,0.32452777,0.325681388
0.408,0.433087945,0.451994359,0.424592644,0.425601244,0.430509746
0.399,0.395014942,0.412839413,0.439574271,0.444838881,0.438653797
0.331,0.338317096,0.333411127,0.331739992,0.329710126,0.342628151
0.485,0.490821779,0.513318062,0.496599913,0.493944585,0.492413938
0.134,0.21791333,0.248965472,0.313908488,0.319661975,0.300031424
0.372,0.387896717,0.393770933,0.372853696,0.372096181,0.373905301
0.615,0.592959344,0.598805666,0.645161271,0.645171642,0.640432119
0.3,0.319065511,0.327156246,0.334632665,0.343141288,0.324055612
0.481,0.470079035,0.471819401,0.47124514,0.477963686,0.482688606
0.372,0.388620287,0.380187213,0.380433917,0.396918416,0.378216267
0.347,0.354219437,0.370211065,0.341580451,0.340458393,0.331877261
0.449,0.434686244,0.447137862,0.465964675,0.453420997,0.454107314
0.573,0.56976378,0.54686749,0.560099125,0.566062093,0.558654189
0.246,0.290953934,0.287716568,0.313020557,0.315780103,0.312836766
0.528,0.516801953,0.522362411,0.531778991,0.529838085,0.503321826
0.452,0.452153832,0.455621988,0.438723505,0.436285257,0.445005417
0.318,0.332759768,0.324947625,0.322479844,0.316105068,0.325901747
0.56,0.546292186,0.565137863,0.554106295,0.551005721,0.543631613
0.347,0.362010241,0.359955758,0.377885044,0.360499829,0.360742837
0.576,0.546420097,0.572486579,0.564836502,0.57418406,0.568624318
0.373,0.3675493,0.372346699,0.366051257,0.361082852,0.363231778
0.571,0.550648749,0.555148482,0.525059342,0.53599906,0.541833043
0.389,0.392880321,0.395369053,0.397707015,0.399141401,0.402484924
0.398,0.398363799,0.38220641,0.391155392,0.403156459,0.388425887
0.28,0.298834324,0.297232389,0.301858157,0.302727818,0.298159182
0.465,0.464648306,0.452130347,0.44118762,0.446088433,0.452336609
0.467,0.497716904,0.484686077,0.488282859,0.488348275,0.500795126
0.382,0.398202121,0.395077676,0.383197814,0.390657812,0.397681743
0.431,0.441720545,0.44204855,0.45292452,0.437115729,0.454752654
0.507,0.51277566,0.510258973,0.516298294,0.503084362,0.501134455
0.369,0.38445577,0.384693831,0.39391619,0.369110197,0.379377395
0.434,0.432441562,0.421538711,0.393490016,0.414011478,0.410053194
0.667,0.63895154,0.629235446,0.669192314,0.666418731,0.64738059
0.411,0.406812876,0.404247016,0.406967282,0.407393277,0.411870152
0.407,0.438866049,0.420731932,0.387424201,0.406783342,0.40579769
0.329,0.343886673,0.325122833,0.338868618,0.332173467,0.340047777
0.477,0.481512189,0.481524289,0.482567012,0.489117354,0.490128666
0.401,0.403150886,0.406129003,0.399031103,0.397260666,0.402394682
0.334,0.380021125,0.393505514,0.375035197,0.352489412,0.330179453
0.369,0.370447278,0.352657914,0.349661469,0.346585274,0.353120118
0.455,0.460982382,0.460222006,0.459599614,0.455723435,0.462406635
0.526,0.537002802,0.540524602,0.525084078,0.533563018,0.529077232
0.603,0.57405889,0.591655374,0.588251829,0.602092266,0.591620028
0.508,0.4931162,0.491334409,0.477836907,0.478898972,0.46669355
0.423,0.40991351,0.412886173,0.401300728,0.408726752,0.405917227
0.719,0.706707418,0.700845361,0.712243855,0.720441818,0.69882834
0.408,0.414473355,0.41158396,0.386719942,0.406432867,0.405111462
0.428,0.421373457,0.433481038,0.433373809,0.420253128,0.425348759
0.864,0.718371272,0.664347649,0.754667819,0.76488775,0.719653368
0.53,0.530005932,0.513953686,0.522992611,0.531532764,0.528568268
0.284,0.30230549,0.299337029,0.298696846,0.291552365,0.29657191
0.373,0.38583678,0.412411898,0.400458574,0.407888472,0.399695605
0.385,0.385785371,0.386333227,0.391399741,0.386786938,0.389052689
0.296,0.312938452,0.313734919,0.321713924,0.317243159,0.315537453
0.498,0.489126205,0.487570524,0.469609529,0.483487993,0.484321594
0.413,0.425789118,0.444518596,0.458334208,0.450858325,0.438435614
0.307,0.326541573,0.322468579,0.338607192,0.336774468,0.337678373
0.483,0.461819112,0.45795393,0.451746047,0.456900895,0.456741631
0.558,0.525338531,0.516347528,0.51456666,0.524085045,0.536509275
0.364,0.366748095,0.380808145,0.36496985,0.357176423,0.365607917
0.621,0.600676775,0.612671554,0.665396571,0.64276731,0.626365304
0.623,0.606389105,0.583365619,0.559544683,0.571821511,0.567277372
0.391,0.400446534,0.422981262,0.386247575,0.408704638,0.412209749
0.34,0.36212647,0.354595333,0.3401784,0.342834532,0.341006994
0.467,0.472468555,0.472460657,0.465333313,0.471469998,0.46687904
0.294,0.310804814,0.308013588,0.303462625,0.293294996,0.297293067
0.429,0.43358174,0.426447332,0.435738355,0.435479641,0.429367006
0.492,0.490869552,0.496664286,0.482376248,0.485061705,0.487828881
0.464,0.457642019,0.44040513,0.452352256,0.44580844,0.450470001
0.309,0.332831174,0.344536841,0.34058851,0.322761774,0.315101445
0.724,0.654610038,0.641544282,0.635482311,0.69598031,0.646754622
0.391,0.390223324,0.39332813,0.384409487,0.389056325,0.388669461
0.533,0.537232339,0.554631591,0.551610231,0.546932101,0.550101638
0.272,0.279564053,0.297340572,0.327475905,0.315968543,0.298414558
0.658,0.641019583,0.653587878,0.667388022,0.670315683,0.655050457
0.434,0.439415336,0.433047086,0.434449345,0.432327867,0.433918178
0.399,0.409486592,0.399460971,0.402637452,0.415859431,0.391349673
0.337,0.338124096,0.321454167,0.323672265,0.320559323,0.328101486
0.577,0.566275895,0.554524899,0.572530508,0.581706583,0.579286218
0.325,0.336163193,0.335203767,0.329181969,0.32731536,0.329423636
0.408,0.411233574,0.42473805,0.417807162,0.411896169,0.410558939
0.54,0.537583947,0.542379498,0.540423155,0.533364713,0.537928104
0.649,0.610574126,0.607359648,0.587027669,0.611053407,0.606798947
0.459,0.476008803,0.483072221,0.454382032,0.470217526,0.456012785
0.459,0.462790459,0.467070669,0.452475429,0.449785888,0.452937752
0.333,0.338777989,0.341017067,0.335740954,0.335830331,0.33692953
0.392,0.394718349,0.386288762,0.397262067,0.407598436,0.402207613
0.74,0.68188256,0.653097212,0.712421834,0.689635158,0.671082914
0.396,0.401403606,0.399697274,0.396344751,0.391992122,0.395958483
0.538,0.549155176,0.528514802,0.545321822,0.547243059,0.544093192
0.39,0.387660623,0.394085944,0.395243317,0.393861473,0.391879141
0.496,0.492987335,0.488439798,0.512656093,0.471556753,0.49633196
0.489,0.483413339,0.492692947,0.481619775,0.482597947,0.480969846
0.28,0.328358442,0.341150552,0.290181369,0.287087083,0.28832832
0.502,0.484633654,0.486151218,0.467262924,0.468287259,0.483997107
0.331,0.332858145,0.342125356,0.33121106,0.330911398,0.334419608
0.629,0.579314232,0.595344961,0.556571543,0.517981648,0.524178743
0.317,0.333756328,0.367595196,0.335784435,0.357159674,0.351016402
0.273,0.339272559,0.329457194,0.332556784,0.314145982,0.316131562
0.434,0.429016054,0.416965008,0.421438843,0.410717905,0.416851103
0.37,0.387565702,0.383500099,0.39328149,0.399772823,0.382920086
0.58,0.580162585,0.570596278,0.555111647,0.567599833,0.557395995
0.283,0.315724134,0.297317713,0.309171438,0.303310692,0.310395896
0.429,0.43449828,0.439028561,0.426316559,0.425273329,0.425472647
0.396,0.394714117,0.404894471,0.401845306,0.40588811,0.401842684
0.446,0.452875644,0.479898751,0.45904243,0.477873504,0.476300508
0.371,0.370917261,0.380378187,0.381442338,0.400518298,0.388654351
0.367,0.372009754,0.376054466,0.374997288,0.363955617,0.362899065
0.384,0.397265136,0.391819894,0.386576712,0.402916193,0.392257094
0.362,0.3761217,0.358925343,0.357037365,0.355593979,0.364899158
0.341,0.345103741,0.351759493,0.337588519,0.339411318,0.329748869
0.307,0.31651172,0.318371117,0.323487163,0.322461486,0.321061939
0.343,0.362692267,0.368604213,0.378494859,0.356028587,0.360093296
0.558,0.548082173,0.565719545,0.562436044,0.563504636,0.560246944
0.46,0.478040814,0.462769568,0.441423923,0.456909776,0.463639259
0.469,0.467602462,0.506255448,0.456951022,0.487266481,0.478436053
0.587,0.574840963,0.567218304,0.555598795,0.563037097,0.558775961
0.345,0.356861979,0.34281379,0.34774065,0.34081471,0.350350291
0.535,0.538588285,0.539505899,0.533731461,0.533888221,0.531152129
0.394,0.388622314,0.394562751,0.396889746,0.397847891,0.396902561
0.363,0.3690871,0.372502744,0.367884994,0.360916138,0.35925445
0.321,0.332132161,0.33991605,0.337807,0.329344213,0.331234396
0.493,0.494331449,0.475951314,0.47726804,0.485951304,0.480148345
0.654,0.603695214,0.61048013,0.692006409,0.670286417,0.662582755
0.489,0.473215759,0.465619802,0.439571798,0.453584015,0.465038389
0.513,0.502558768,0.508691013,0.511458218,0.512169242,0.508690953
0.476,0.490681231,0.472436488,0.459882408,0.47392416,0.466804028
0.396,0.39483577,0.406010211,0.421244562,0.409692883,0.407922953
0.435,0.435816199,0.429650456,0.427517235,0.425397217,0.431849837
0.556,0.55591011,0.535336733,0.702953875,0.548205256,0.578510404
0.389,0.398602486,0.394322991,0.401533395,0.398068011,0.39995563
0.536,0.527447701,0.527315974,0.521573246,0.538460135,0.524774432
0.435,0.447215915,0.440902233,0.436395973,0.437229365,0.427194297
0.566,0.559409201,0.560624599,0.559911251,0.56547749,0.560676455
0.283,0.294356942,0.293795645,0.298685193,0.290379494,0.301469743
0.314,0.332528114,0.347016931,0.339901328,0.334236503,0.34121424
0.372,0.386686325,0.376948297,0.387493968,0.382225811,0.38230595
0.557,0.554730952,0.560042024,0.557652593,0.568582773,0.558416963
0.279,0.312504143,0.32706961,0.28793636,0.291467577,0.302525222
0.41,0.427683234,0.418430805,0.400927186,0.402312726,0.398433745
0.487,0.483597845,0.476187557,0.480551839,0.476716757,0.486862361
0.459,0.444569439,0.444075137,0.439463377,0.444792867,0.441615105
0.42,0.408499181,0.411195308,0.417765915,0.418867052,0.411201864
0.631,0.608745098,0.582903743,0.546943426,0.573288202,0.564016461
0.294,0.328049004,0.32381323,0.332290113,0.316095382,0.324886471
0.374,0.379744947,0.37831524,0.366209447,0.368961871,0.374573708
0.415,0.398555845,0.400437295,0.397912145,0.405553758,0.406112373
0.324,0.32583195,0.328332067,0.319530755,0.31016475,0.319344729
0.349,0.364440382,0.36254862,0.362493336,0.352344692,0.354985386
0.588,0.563727856,0.557727933,0.574712753,0.58597976,0.580866933
0.42,0.423216671,0.423924148,0.438589096,0.433193147,0.430549175
0.456,0.451742232,0.450835645,0.435362011,0.453219295,0.444006622
0.57,0.558795989,0.572545767,0.569520533,0.577834845,0.573317409
0.673,0.653918684,0.641242385,0.620943129,0.658231676,0.651916087
0.377,0.386357754,0.389047652,0.384165257,0.384691477,0.379128665
0.353,0.362871826,0.351384401,0.354691088,0.354030132,0.351990789
0.543,0.528321028,0.539509892,0.529618025,0.540794551,0.529705226
0.392,0.404257387,0.395474613,0.392462969,0.394278586,0.3924371
0.562,0.555690408,0.549829125,0.552272916,0.562367499,0.546228647
0.403,0.40793258,0.398997068,0.392040342,0.392095268,0.394809991
0.36,0.377351731,0.377063751,0.354535013,0.36132136,0.359160215
0.651,0.647484183,0.644180298,0.653329968,0.660132766,0.652242661
0.599,0.586135328,0.566412807,0.589759946,0.589673281,0.603094101
0.553,0.538244426,0.552573621,0.549463451,0.55561614,0.556604505
0.279,0.293901294,0.293749779,0.308294535,0.293701649,0.300543547
0.445,0.438342929,0.443378329,0.447827488,0.44528687,0.447830617
0.39,0.410017222,0.411466837,0.421962261,0.413810849,0.406957805
0.469,0.467178553,0.461565197,0.389146537,0.454357147,0.461547166
0.642,0.635870337,0.621267855,0.647101939,0.658967972,0.642805815
0.335,0.347345054,0.338854045,0.351385683,0.334315151,0.33733353
0.532,0.530369341,0.557985246,0.547699451,0.553804636,0.551731527
0.454,0.451733142,0.42743367,0.427382052,0.444298357,0.436467916
0.417,0.41131106,0.407675385,0.402648866,0.404509127,0.407176197
0.464,0.454056799,0.45785886,0.445132971,0.454841375,0.451630414
0.389,0.391460866,0.387508333,0.393442988,0.409869015,0.401070237
0.35,0.372241229,0.378339916,0.356209517,0.362689912,0.362139642
0.686,0.675042152,0.65885675,0.661913037,0.670617342,0.66422677
0.325,0.339147806,0.326854706,0.335230261,0.339365423,0.338611871
0.593,0.589859068,0.579030037,0.571527004,0.569271386,0.610322177
0.274,0.301155448,0.314257145,0.337751269,0.317359805,0.324236542
0.481,0.470289469,0.449939162,0.425182492,0.441961437,0.448280692
0.593,0.566888273,0.558742464,0.574873209,0.580062568,0.564211011
0.425,0.415463775,0.41947782,0.427053213,0.425923467,0.42467314
0.394,0.419621348,0.414237291,0.45364356,0.42576158,0.408094466
0.332,0.333751321,0.336807251,0.344591618,0.345307142,0.341065228
0.598,0.568665445,0.566636145,0.568304062,0.576135218,0.565780401
0.365,0.363437653,0.357197225,0.34755826,0.346206784,0.346757472
0.539,0.536695778,0.530245006,0.54035902,0.537232935,0.535831451
0.437,0.438190848,0.441144079,0.434419513,0.438484907,0.429956913
0.391,0.397966951,0.407536328,0.420095265,0.41672492,0.412808895
0.556,0.576533556,0.599059105,0.554181457,0.589567661,0.584328532
0.552,0.549496889,0.559736311,0.550578654,0.550722361,0.553001881
0.333,0.340093493,0.33339107,0.337514341,0.335906446,0.339676112
0.428,0.4380548,0.432847291,0.427124202,0.414912224,0.440664053
0.352,0.35141325,0.341621071,0.34155488,0.33853361,0.351189703
0.344,0.349142224,0.351601273,0.349649847,0.360598981,0.352641523
0.574,0.555257976,0.549158096,0.538009882,0.558446407,0.554184556
0.564,0.552449763,0.564352334,0.564005435,0.57821095,0.568311632
0.321,0.341024041,0.349092603,0.361160725,0.342471838,0.354163885
0.284,0.316353083,0.35106802,0.32427755,0.325870723,0.324049175
0.409,0.391976863,0.410654128,0.399031311,0.402995229,0.402891695
0.479,0.481578469,0.470969766,0.457355827,0.461721987,0.472471744
0.513,0.506424904,0.515217543,0.522865236,0.51589644,0.506839633
0.944,0.841382563,0.806510031,0.859367907,0.871289015,0.804813683
0.316,0.324792743,0.307335675,0.31778878,0.311216414,0.321913779
0.453,0.470687598,0.472373426,0.462441921,0.457927138,0.46043098
0.471,0.469300687,0.463902831,0.454317391,0.45358333,0.467724651
0.45,0.440133542,0.454003215,0.458326072,0.451505095,0.453882068
0.44,0.448398799,0.441205204,0.453061849,0.453849763,0.452171385
0.348,0.350465447,0.346647829,0.352690995,0.352926791,0.351071566
0.657,0.599397779,0.602981567,0.546382725,0.610583723,0.637851596
0.497,0.496615767,0.533179283,0.534535408,0.542714059,0.537467897
0.481,0.503708839,0.491305232,0.511466324,0.510231614,0.492385775
0.449,0.440539449,0.430638552,0.43720746,0.436467469,0.436787754
0.342,0.354982138,0.354238063,0.342851311,0.338534504,0.344386518
0.421,0.420435309,0.416800708,0.422286093,0.418369204,0.419231564
0.282,0.298158318,0.29302305,0.308063745,0.306417108,0.306246281
0.524,0.536093712,0.522649169,0.551141024,0.526411772,0.53656584
0.456,0.45633325,0.449727893,0.459565759,0.45441097,0.455947042
0.387,0.397391766,0.391541749,0.389550865,0.385476023,0.388884485
0.857,0.733444691,0.709541202,0.806803644,0.776525676,0.763509572
0.551,0.539296865,0.538572848,0.510311127,0.530169606,0.515844226
0.305,0.313084096,0.316074371,0.323188961,0.319649279,0.323399127
0.308,0.329265356,0.334208727,0.317908466,0.304555804,0.303447694
0.396,0.410680503,0.400348842,0.39579019,0.410649121,0.396834642
0.645,0.62253058,0.611115098,0.594110489,0.616480708,0.608093619
0.432,0.419920892,0.436079472,0.429903865,0.424022615,0.424758315
0.569,0.544358969,0.545798659,0.553951859,0.551479459,0.576184452
0.341,0.34647429,0.331010908,0.33943975,0.335314989,0.340566963
0.411,0.420253754,0.427157402,0.439183354,0.433078051,0.42384094
0.52,0.52083683,0.525485992,0.537124753,0.540303409,0.525910974
0.372,0.395657092,0.396996528,0.382784903,0.387768626,0.375695705
0.494,0.490641922,0.484410793,0.492856801,0.491624087,0.506426811
0.374,0.381976277,0.389034301,0.383367836,0.384138733,0.390037268
0.267,0.30808109,0.300687641,0.330565631,0.305085391,0.314373761
0.645,0.600512564,0.584213316,0.611498952,0.647016406,0.632578254
0.325,0.331063032,0.339261353,0.332772732,0.329396278,0.330888748
0.347,0.367154777,0.370185852,0.379860073,0.369546533,0.364421278
0.587,0.561003268,0.568936348,0.56332171,0.569600463,0.556675911
0.334,0.336816609,0.347320646,0.341184735,0.336982578,0.345145464
0.374,0.372276396,0.37217477,0.359890997,0.368060291,0.384210885
0.477,0.486608982,0.490984976,0.474180996,0.476857215,0.475292742
0.317,0.34475255,0.344017804,0.346430123,0.340563267,0.340021878
0.396,0.403948009,0.410039425,0.40130505,0.40303117,0.400437891
0.383,0.38649404,0.383500457,0.373337805,0.366473556,0.382307798
0.37,0.38535583,0.387644827,0.374560803,0.365721375,0.364495099
0.397,0.396168649,0.400118411,0.399543554,0.400081128,0.396493554
0.675,0.620954275,0.621285558,0.723273635,0.666077971,0.642848372
0.4,0.399895787,0.402353168,0.414949745,0.401654482,0.405843318
0.541,0.520627022,0.522101581,0.523302257,0.536170602,0.541185081
0.472,0.458929718,0.468169093,0.462317318,0.473000497,0.471821219
0.611,0.609116435,0.617052674,0.608310997,0.633118033,0.607935727
0.302,0.361818731,0.346525967,0.292622626,0.286566734,0.292509615
0.484,0.460799605,0.469113469,0.469150305,0.47434625,0.474210769
0.494,0.495865703,0.48960036,0.489811808,0.481433868,0.483660907
0.282,0.294449806,0.293453455,0.304460526,0.294857293,0.297376871
0.333,0.330315053,0.325958848,0.329972625,0.32862395,0.332905233
0.405,0.408704191,0.406737506,0.401116848,0.398364127,0.397972047
0.352,0.382414401,0.374559581,0.338632196,0.344955683,0.342265069
0.612,0.60620153,0.59729892,0.59202075,0.624007225,0.597371876
0.426,0.43169862,0.436730564,0.435252488,0.429030776,0.42218864
0.436,0.420710176,0.416776299,0.428333282,0.427402794,0.427386224
0.271,0.295566291,0.291309536,0.302988827,0.303250968,0.302489579
0.418,0.417706132,0.419572741,0.417999566,0.417839706,0.423956752
0.638,0.606913567,0.621817112,0.677763343,0.636771441,0.630660892
0.595,0.573268056,0.578709602,0.562875926,0.571137726,0.585555971
0.305,0.329070151,0.332876474,0.339302897,0.329095185,0.323393583
0.513,0.513016403,0.51678133,0.522773743,0.523547292,0.518857479
0.52,0.526797712,0.524965465,0.5412938,0.531919718,0.528796852
0.66,0.648661315,0.647497773,0.63283205,0.65122807,0.639375448
0.668,0.649335146,0.64494431,0.625229716,0.653244317,0.630989075
0.315,0.338258505,0.332100391,0.338256598,0.326752245,0.327005804
0.369,0.374160677,0.380638212,0.373835325,0.357244551,0.359012872
0.529,0.520000041,0.526389539,0.527174652,0.529446304,0.522179723
0.736,0.61804837,0.620530307,0.737771273,0.720099688,0.700543642
0.3,0.315139949,0.307215661,0.308268338,0.302270889,0.307881176
0.565,0.555013776,0.54270345,0.551036894,0.56318754,0.562542915
0.486,0.479100704,0.494025409,0.477159262,0.47062403,0.475952715
0.699,0.710393548,0.739871442,0.746553719,0.772773027,0.744449735
0.4,0.391115189,0.412423491,0.380612046,0.396338999,0.392347693
0.331,0.36522004,0.371647745,0.348963857,0.357628226,0.361356199
0.36,0.360844582,0.37172085,0.360779375,0.378966987,0.365278363
0.512,0.510766506,0.515824437,0.520376682,0.522115707,0.514740467
0.571,0.55881083,0.561271429,0.561532974,0.570116162,0.564290166
0.575,0.559635282,0.554298282,0.535127163,0.523822427,0.534139335
0.441,0.452199459,0.467254996,0.436093867,0.433149993,0.430539399
0.277,0.301677376,0.298665315,0.311748534,0.303410113,0.313343167
0.553,0.56400156,0.562454462,0.557644725,0.554179549,0.548842669
0.485,0.468204379,0.462854266,0.456710964,0.463907599,0.472792059
0.521,0.513301551,0.507351279,0.519144416,0.514807463,0.506775022
0.458,0.44524619,0.439083844,0.423936278,0.429717451,0.438675642
0.457,0.45431447,0.4360618,0.452159286,0.446532607,0.452605367
0.249,0.258006215,0.264474124,0.289589852,0.277221024,0.280753732
0.421,0.415082008,0.420541167,0.425752848,0.416728407,0.418594718
0.24,0.294884443,0.293584704,0.327474087,0.318465739,0.314384401
0.397,0.392875433,0.390569508,0.367824793,0.375893831,0.383036941
0.437,0.442656875,0.426111996,0.4379825,0.436313987,0.436775953
0.323,0.379467815,0.39822793,0.359631896,0.351928949,0.349869311
0.514,0.505866706,0.498967409,0.489639044,0.506453276,0.496947914
0.444,0.446645558,0.424713045,0.43444252,0.433906555,0.43612808
0.641,0.598925769,0.593194485,0.598639071,0.643119335,0.596117795
0.433,0.4443838,0.4398399,0.484538615,0.452690184,0.431113124
0.442,0.442148805,0.452655196,0.43516767,0.44461742,0.446021557
0.575,0.571503341,0.565288961,0.572688937,0.575127244,0.569872856
0.309,0.33304131,0.30966413,0.315927774,0.32033971,0.32390669
0.492,0.470910758,0.481628865,0.478767931,0.482746243,0.482266784
0.332,0.34929505,0.315958619,0.313580096,0.314762712,0.319558859
0.508,0.50583899,0.492566407,0.485153258,0.478157848,0.503633678
0.511,0.517494142,0.511867881,0.494615525,0.486046851,0.50572449
0.632,0.609857321,0.582425654,0.601428747,0.655504167,0.619674146
0.591,0.574849308,0.594116807,0.575406671,0.576319158,0.582910478
0.465,0.474052638,0.453237355,0.458395034,0.460402071,0.467189193
0.379,0.366296768,0.365034223,0.378652036,0.384265423,0.385978371
0.397,0.407940775,0.401215494,0.400679111,0.396798491,0.40020147
0.5,0.487302303,0.502065957,0.511749804,0.48511216,0.502959371
0.64,0.610270917,0.642708957,0.642776489,0.650685906,0.634243071
0.483,0.493663132,0.502513051,0.492719829,0.476670623,0.491435707
0.59,0.54291141,0.539246619,0.571324348,0.582902849,0.577247858
0.54,0.531300545,0.52626127,0.539908051,0.527796447,0.532015502
0.406,0.418631583,0.459135056,0.484240204,0.475166738,0.46836561
0.462,0.465774924,0.460844576,0.465633601,0.460899353,0.456245184
0.383,0.390922725,0.395146191,0.367014885,0.361110032,0.374425948
0.511,0.512181878,0.507992029,0.523377538,0.518137097,0.508861065
0.473,0.475866079,0.472377777,0.490052223,0.495263159,0.474208742
0.308,0.330814093,0.327651471,0.320608675,0.328045666,0.325478196
0.355,0.354129642,0.372634709,0.35340935,0.362380683,0.355173558
0.405,0.41908145,0.407471865,0.405588925,0.402819812,0.407575995
0.33,0.3386814,0.338765591,0.335244149,0.33298561,0.338091671
0.626,0.624372959,0.592151701,0.579912186,0.608296573,0.605729461
0.401,0.403767645,0.426082969,0.43500644,0.42792806,0.421148747
0.379,0.39075923,0.39083606,0.379624963,0.390903503,0.388432711
0.595,0.588094115,0.580068409,0.565057933,0.574906766,0.568651319
0.451,0.471118152,0.501636505,0.477671534,0.478641868,0.479211241
0.395,0.379361182,0.395347893,0.375202596,0.375038743,0.386337548
0.496,0.478302449,0.452939659,0.484056473,0.480535209,0.488111138
0.349,0.355765671,0.360199898,0.361200035,0.354850233,0.356512308
0.275,0.285707951,0.296131432,0.296543002,0.294601113,0.297801852
0.6,0.571498215,0.55452621,0.55464673,0.571033537,0.564624488
0.313,0.325668544,0.328195035,0.333530754,0.332848519,0.326535046
0.237,0.274754584,0.291755021,0.312299639,0.304213434,0.303477496
0.432,0.435338706,0.43832469,0.430785447,0.426761448,0.430165499
0.367,0.375226587,0.387827694,0.384432971,0.382994473,0.371407568
0.281,0.314827532,0.291318893,0.301796168,0.291763008,0.293190122
0.518,0.521576703,0.531778812,0.53389436,0.541700244,0.530359626
0.531,0.531441033,0.506722808,0.48826462,0.474996299,0.480374724
0.374,0.401951253,0.398533702,0.381605119,0.395594805,0.39625442
0.302,0.333261758,0.329065889,0.333770603,0.335824877,0.327556431
0.492,0.477618665,0.480597317,0.477048844,0.478628993,0.492019892
0.512,0.489987582,0.498481333,0.507628918,0.510890365,0.516698658
0.343,0.347326159,0.359057188,0.337147534,0.338526368,0.335536122
0.623,0.599070668,0.59889102,0.603281975,0.631642163,0.608262062
0.515,0.507079363,0.507157505,0.525694788,0.526656389,0.531060338
0.474,0.470519841,0.476634145,0.49659723,0.485186875,0.481385648
0.441,0.465246886,0.454238653,0.440054953,0.44391191,0.447055638
0.762,0.741152763,0.713588357,0.70973289,0.732084036,0.707121372
0.482,0.484166563,0.49633795,0.502834022,0.489492953,0.491400719
0.438,0.442828625,0.442270249,0.428454459,0.416648984,0.418898702
0.377,0.378494203,0.359321058,0.363909453,0.379102647,0.371266961
0.343,0.342166245,0.335392714,0.335560203,0.337542593,0.340061665
0.371,0.379566908,0.372816741,0.367316455,0.355467796,0.365180641
0.311,0.341089606,0.338475227,0.329648882,0.336138934,0.322673947
0.419,0.424585581,0.429830253,0.427888304,0.421266437,0.421142161
0.393,0.3956168,0.41208601,0.384750158,0.380575418,0.391005099
0.361,0.391768724,0.375724405,0.391590059,0.385060638,0.363349706
0.599,0.585425377,0.600233555,0.595105112,0.604260325,0.597292244
0.421,0.406647384,0.419308454,0.419844687,0.411248863,0.40950644
0.275,0.292691052,0.286679953,0.29732874,0.293699056,0.298951715
0.35,0.380488813,0.400043368,0.375914037,0.396301806,0.376773685
0.309,0.331691742,0.358436882,0.351370096,0.348212898,0.345290244
0.63,0.607490361,0.594918191,0.576432705,0.573943198,0.570404053
0.607,0.578393102,0.563537598,0.584688544,0.583806157,0.584529459
0.363,0.358425677,0.348537028,0.350963384,0.353500575,0.354665548
0.459,0.467534959,0.454339385,0.460302621,0.443983078,0.459835827
0.6,0.570149839,0.57937628,0.579614282,0.589598417,0.601997137
0.732,0.711577833,0.69994998,0.708619952,0.720450401,0.699975252
0.362,0.379291207,0.378876746,0.356996089,0.371126056,0.349146187
0.454,0.446924567,0.427509278,0.440533072,0.448376656,0.444209784
0.415,0.425276041,0.405241013,0.403494596,0.40520376,0.405296504
0.436,0.434698761,0.443884015,0.428783,0.430504352,0.433062196
0.296,0.310515076,0.29221338,0.303683877,0.29816699,0.306528777
0.48,0.469949961,0.467402637,0.447709054,0.458542049,0.467436641
0.373,0.382678241,0.382129431,0.37441057,0.369924128,0.380707175
0.523,0.521520913,0.511805892,0.523702979,0.497468024,0.509372175
0.509,0.485415041,0.488594413,0.507625043,0.478968024,0.490479499
0.534,0.530094862,0.537452996,0.516210437,0.515692234,0.521707416
0.426,0.429473311,0.427367628,0.391965717,0.39135772,0.420007229
0.508,0.524129033,0.533207536,0.528419971,0.484009862,0.496042371
0.602,0.581693769,0.571998417,0.585583925,0.595648289,0.594302475
0.422,0.418463379,0.406335831,0.374570847,0.406739533,0.41191411
0.33,0.338889301,0.342441708,0.339813381,0.336951554,0.337256402
0.433,0.436864376,0.432361424,0.434242994,0.432651013,0.432867527
0.355,0.359475315,0.364286005,0.366660297,0.353390604,0.355047911
0.442,0.44680059,0.444302827,0.441062361,0.439419568,0.444739461
0.366,0.401133299,0.376222879,0.363007665,0.355687052,0.357196629
0.441,0.454237103,0.445960343,0.445051074,0.44779247,0.43936494
0.311,0.344053477,0.349788696,0.322660178,0.323114544,0.325725019
0.395,0.404167771,0.40585798,0.393272936,0.396029413,0.39282462
0.49,0.48843503,0.489201784,0.491446316,0.498681664,0.500545144
0.393,0.402505755,0.391668737,0.407229483,0.403488576,0.404665887
0.311,0.344522536,0.329889953,0.334641218,0.329938024,0.341537118
0.566,0.563676119,0.543712556,0.554922223,0.565579653,0.559271276
0.545,0.538096249,0.533281326,0.540820301,0.541440189,0.534870625
0.42,0.408816189,0.411638081,0.398953229,0.405932248,0.411576301
0.231,0.261505902,0.261566818,0.271831065,0.270742297,0.265993416
0.392,0.399627,0.412147224,0.390888393,0.4021734,0.403822422
0.375,0.396848917,0.401369363,0.418978006,0.408205688,0.397796303
0.337,0.336459339,0.347232699,0.343845367,0.340300083,0.340575516
0.381,0.393758357,0.374436885,0.371887833,0.372711539,0.381191194
0.456,0.448521614,0.453306198,0.461527586,0.44999969,0.447521538
0.668,0.641540766,0.648901463,0.65089339,0.667061508,0.656805873
0.361,0.386613369,0.403186113,0.368144214,0.388038397,0.382932693
0.532,0.534554541,0.523495078,0.530823767,0.537314653,0.537479877
0.469,0.465871155,0.458173394,0.466368824,0.459145486,0.465856194
0.334,0.355531156,0.362212837,0.354966521,0.365289986,0.355533272
0.343,0.352544039,0.367844641,0.347020715,0.339719713,0.350627989
0.36,0.367205083,0.354924023,0.359476894,0.363428056,0.364418715
0.553,0.550373554,0.567570329,0.546259761,0.553666651,0.554767072
0.44,0.416462988,0.448479712,0.433084637,0.437883019,0.437721372
0.345,0.36138159,0.360898703,0.368555933,0.353404015,0.349894345
0.388,0.39068079,0.387558848,0.384579599,0.383112937,0.389214694
0.378,0.397480637,0.384239763,0.396359056,0.389303446,0.390018642
0.508,0.499474049,0.498336941,0.50025022,0.487130791,0.495850563
0.527,0.497879148,0.51038003,0.532028675,0.535269678,0.527122378
0.367,0.377237856,0.378996104,0.390073955,0.388236284,0.377818882
0.322,0.32138288,0.315661669,0.325362355,0.317607999,0.318811595
0.392,0.403482854,0.396334708,0.390203625,0.408375382,0.391950071
0.65,0.643261433,0.647402942,0.594916523,0.659373045,0.633170485
0.404,0.413572311,0.424507856,0.384257317,0.411865532,0.405579507
0.477,0.473453641,0.470049024,0.497001737,0.489530623,0.488817394
0.459,0.457197011,0.46221149,0.457628369,0.462448478,0.463985294
0.589,0.587004304,0.567492962,0.56857717,0.574368238,0.564761221
0.38,0.369714171,0.371773809,0.387245715,0.362379134,0.36890626
0.391,0.394952178,0.387631327,0.39256981,0.392191172,0.393460929
0.507,0.512740254,0.523198187,0.527721167,0.524072766,0.518809617
0.51,0.503160357,0.514798343,0.519103467,0.518147349,0.510056138
0.625,0.607973933,0.591074288,0.608600259,0.632115543,0.627168417
0.376,0.412221223,0.397943527,0.399600387,0.392581642,0.392915726
0.37,0.384807795,0.37306127,0.392641455,0.385649323,0.387314737
0.421,0.410593837,0.392381012,0.372555733,0.388993144,0.399778306
0.352,0.359668911,0.361577839,0.35239327,0.353926271,0.353567451
0.367,0.370308965,0.384901166,0.344407439,0.350966722,0.350242108
0.678,0.645065188,0.653220236,0.669510484,0.676035106,0.662356019
0.31,0.317308933,0.327729374,0.326161385,0.32703644,0.327124774
0.683,0.636917591,0.617922068,0.624502838,0.664057374,0.622656941
0.502,0.491102695,0.493357539,0.518026769,0.495182157,0.497024119
0.362,0.354843915,0.370949626,0.357804358,0.361132205,0.358368218
0.417,0.433032632,0.422437936,0.41885373,0.411641002,0.413805068
0.381,0.384130031,0.388891697,0.381762952,0.376977831,0.382684499
0.499,0.491686821,0.492546022,0.526418209,0.495124578,0.506569147
0.552,0.543180823,0.541781187,0.547854722,0.551225901,0.549849808
0.39,0.403359354,0.395157933,0.396548778,0.394478321,0.397443086
0.464,0.465904653,0.460202843,0.452481717,0.466769665,0.450348228
0.48,0.452815652,0.463653803,0.464468777,0.469510555,0.472254813
0.427,0.42956382,0.439508498,0.438664287,0.43798244,0.432661504
0.41,0.406647652,0.408853084,0.37554732,0.398487538,0.400567174
0.3,0.303434253,0.297862113,0.302985787,0.297360241,0.302996695
0.422,0.431002706,0.444363177,0.458375782,0.432536781,0.442166686
0.367,0.377045274,0.380386263,0.367111772,0.348488569,0.349449337
0.412,0.416498005,0.409234285,0.396768242,0.405049294,0.399979055
0.377,0.389349759,0.389745384,0.422253966,0.410174787,0.411232352
0.631,0.619386852,0.645844102,0.637980223,0.647580266,0.638918281
0.393,0.410561264,0.397392511,0.400029182,0.392669857,0.395668656
0.312,0.320222348,0.329152614,0.351045549,0.337185651,0.343616039
0.494,0.484134316,0.480690897,0.483600676,0.482879519,0.485533684
0.417,0.410049736,0.417585254,0.425819576,0.408028901,0.411478668
0.504,0.506027102,0.491231799,0.515575171,0.514182091,0.501290798
0.426,0.423281848,0.410678327,0.407717407,0.412659943,0.411918342
0.497,0.474850774,0.485586584,0.485808879,0.495569736,0.505196989
0.421,0.431387097,0.435999542,0.435124189,0.437498569,0.427526593
0.246,0.289024055,0.294687331,0.318105578,0.302244931,0.299446315
0.369,0.39139089,0.389367342,0.396528721,0.397551149,0.385344654
0.355,0.378774881,0.372403711,0.383786976,0.355643451,0.359074593
0.416,0.422863483,0.417984545,0.429270595,0.418900609,0.423398077
0.366,0.370697767,0.375081062,0.379091918,0.36060518,0.376147956
0.399,0.412970811,0.410295963,0.399745852,0.402827412,0.403342426
0.558,0.539589763,0.556747794,0.553109527,0.554517746,0.562423587
0.49,0.4957425,0.478929222,0.435011536,0.434583277,0.451441765
0.477,0.468398541,0.476694882,0.473623008,0.47620663,0.475063205
0.624,0.59645462,0.569714189,0.697816551,0.659326553,0.639891922
0.504,0.496556759,0.511082768,0.514660835,0.518464565,0.500065029
0.382,0.383503497,0.384812295,0.393732846,0.393180013,0.39636445
0.472,0.468198359,0.476911128,0.468722016,0.470559716,0.474813223
0.406,0.410827965,0.394159496,0.421589077,0.406588972,0.406622708
0.295,0.319334924,0.313368261,0.325953484,0.322296917,0.322538346
0.365,0.370819747,0.37484622,0.378832966,0.362646043,0.371121973
0.333,0.362308264,0.360402375,0.347152591,0.330820173,0.344065666
0.407,0.413280994,0.398952335,0.40013358,0.399942786,0.402897298
0.573,0.549125493,0.55600208,0.560738862,0.562663496,0.559338808
0.456,0.443547577,0.457996905,0.451676011,0.456570089,0.456798196
0.379,0.393545926,0.384490281,0.374510646,0.382972836,0.37643829
0.275,0.300219595,0.305389792,0.303634435,0.302121401,0.301487446
0.316,0.34036085,0.351055831,0.330909818,0.321548939,0.324422717
0.31,0.331894964,0.33915621,0.340251327,0.311475515,0.315971524
0.428,0.432811916,0.422722071,0.430203646,0.422744453,0.427682877
0.373,0.380904913,0.368213862,0.371341914,0.362662256,0.364676178
0.608,0.589972913,0.588895798,0.589381218,0.616641521,0.591267347
0.456,0.453169644,0.45665288,0.46016717,0.462063789,0.464283168
0.52,0.513193727,0.545692801,0.543092251,0.548200488,0.540050328
0.616,0.587165475,0.581037998,0.573348582,0.572380543,0.580916405
0.397,0.406081766,0.409400105,0.42357862,0.4156304,0.423897326
0.423,0.413938463,0.42352587,0.421443343,0.405663133,0.430902928
0.483,0.47305873,0.490517229,0.48188588,0.484620094,0.480081916
0.424,0.426597178,0.427681834,0.440166205,0.436865717,0.422295213
0.332,0.338025481,0.341797382,0.349641383,0.356260151,0.347689539
0.391,0.40283367,0.407030165,0.386390448,0.384061962,0.376733899
0.354,0.377673924,0.366970837,0.376516819,0.349955022,0.361390799
0.675,0.620052934,0.602630496,0.608563721,0.658339024,0.618401766
0.433,0.440613508,0.431869835,0.433310211,0.433960795,0.433950394
0.355,0.374381989,0.37093702,0.358216882,0.356674433,0.356182426
0.591,0.584964752,0.581075728,0.576883912,0.589432836,0.586793303
0.684,0.632892251,0.609527588,0.583441734,0.637794614,0.598978221
0.516,0.494811058,0.493010402,0.521550536,0.524939597,0.51890558
0.051,0.150544196,0.199343488,0.161152676,0.141331702,0.190585792
0.391,0.410707533,0.412190944,0.388192654,0.380396008,0.382746309
0.409,0.440422535,0.446459323,0.436199963,0.419884443,0.414615273
0.543,0.533683419,0.529820502,0.542823195,0.547061145,0.537025034
0.296,0.320359409,0.348279566,0.342181802,0.3298271,0.342022359
0.404,0.41869545,0.410476893,0.427290946,0.409357548,0.408132613
0.47,0.46398139,0.474468172,0.45944047,0.462164938,0.464096665
0.415,0.423090518,0.419631541,0.419783384,0.416615486,0.40786165
0.503,0.48044163,0.494773448,0.482512325,0.479888946,0.499840915
0.408,0.422413439,0.427354515,0.42404747,0.423141897,0.419967473
0.519,0.495104522,0.500566125,0.510793924,0.504131079,0.518985868
0.372,0.394126475,0.396959364,0.380897224,0.366753608,0.380946666
0.692,0.678566933,0.674013734,0.669566214,0.679130435,0.665085495
0.467,0.455138236,0.463234246,0.460630894,0.455056757,0.468254
0.399,0.40070802,0.400321037,0.430894762,0.430045813,0.413913846
0.576,0.566879928,0.567438126,0.567490697,0.567844868,0.56679076
0.465,0.43520695,0.450083345,0.456353426,0.454289675,0.458435744
0.446,0.435257077,0.444899678,0.434776306,0.445648968,0.447551012
0.473,0.484210193,0.475105226,0.468133003,0.47517392,0.477836967
0.464,0.453208089,0.451640725,0.464134544,0.443524599,0.459544361
0.394,0.389523745,0.4042629,0.3967987,0.392669708,0.392292291
0.537,0.528093815,0.530111074,0.532019258,0.546375275,0.552510142
0.389,0.416204393,0.403802097,0.436611235,0.427196234,0.396932781
0.332,0.335221708,0.337367713,0.342169374,0.335052371,0.333772004
0.413,0.423380494,0.434766471,0.426739216,0.426457047,0.422997415
0.337,0.352253497,0.35272944,0.350431114,0.362180114,0.358499467
0.449,0.454263151,0.469760895,0.471844822,0.459871233,0.456585407
0.242,0.281250805,0.310539544,0.272821784,0.275105298,0.274942666
0.468,0.473619044,0.472320497,0.467945069,0.471341133,0.47154057
0.733,0.689204931,0.652192295,0.690722406,0.689679086,0.666316032
0.351,0.342157573,0.33685869,0.324661672,0.324061483,0.326094329
0.409,0.416654766,0.407067716,0.403139472,0.410789549,0.412587196
0.427,0.424150199,0.42221871,0.429407835,0.433766603,0.427204162
0.438,0.440582573,0.437807769,0.436742097,0.438210189,0.439015716
0.345,0.359225631,0.366070837,0.379442871,0.393056929,0.376405656
0.669,0.624679446,0.611045718,0.61267525,0.656859279,0.626498759
0.529,0.514716506,0.546393991,0.545293331,0.555732906,0.547689736
0.404,0.428201199,0.414738983,0.430403233,0.410016984,0.410674751
0.261,0.295961857,0.294770598,0.291470051,0.287071526,0.294999093
0.544,0.514922976,0.517418802,0.530385673,0.550520778,0.547042131
0.559,0.547761261,0.54723978,0.553815782,0.565882862,0.563783228
0.445,0.441036761,0.457188308,0.440061986,0.444505692,0.439776421
0.575,0.566426456,0.567196667,0.579242408,0.585535526,0.575711966
0.329,0.360557914,0.343927145,0.339021891,0.329035819,0.338410974
0.471,0.458661437,0.465821534,0.467746049,0.456404507,0.469834685
0.657,0.635228395,0.637944341,0.626891375,0.645882308,0.636145175
0.414,0.424460322,0.418961346,0.425972223,0.423296064,0.420587748
0.485,0.468303323,0.469260633,0.473315477,0.475399613,0.467552036
0.58,0.557762742,0.558727503,0.555320621,0.578138173,0.584949732
0.678,0.675747037,0.688356578,0.686164856,0.699044228,0.688758254
0.232,0.282744169,0.286868721,0.319975048,0.297305614,0.290775478
0.287,0.296456784,0.29988113,0.314907432,0.317358285,0.306085795
0.526,0.513446212,0.515269876,0.526663601,0.528819084,0.520914674
0.557,0.51384306,0.51478231,0.547701299,0.558515549,0.560869694
0.889,0.776228428,0.754569292,0.80899632,0.802439332,0.747759938
0.433,0.43714124,0.443753421,0.457430571,0.439827502,0.432650387
0.575,0.570217788,0.555637479,0.561808288,0.567395389,0.565336704
0.429,0.435965538,0.432590783,0.434949934,0.430591583,0.429369986
0.377,0.388302416,0.391028583,0.384659946,0.387351006,0.384149402
0.451,0.455905616,0.454526037,0.450478107,0.448736966,0.454460323
0.399,0.401066154,0.401120752,0.397512138,0.39209345,0.39591676
0.335,0.376540989,0.375919342,0.390952498,0.420165807,0.407601774
0.418,0.438276798,0.435336471,0.438893408,0.435239971,0.413619965
0.345,0.355710566,0.36074847,0.361462921,0.360373378,0.362911671
0.679,0.659335911,0.648946345,0.666818261,0.670961261,0.660163045
0.451,0.447609216,0.45019573,0.437331468,0.439491391,0.445691258
0.394,0.374524295,0.368631423,0.351494789,0.347544909,0.363501221
0.378,0.390781283,0.386258572,0.397691429,0.389368266,0.386387438
0.399,0.386890173,0.397177994,0.396658748,0.395976007,0.402820587
0.382,0.382269084,0.392157286,0.385865033,0.384492099,0.386877835
0.404,0.419276774,0.385456175,0.385921031,0.394498765,0.386261642
0.439,0.446813464,0.450196117,0.439932466,0.443767428,0.448849887
0.634,0.593168139,0.597792506,0.608622134,0.655444264,0.617439687
0.517,0.518796444,0.520730495,0.512314796,0.528756261,0.509504855
0.344,0.346694589,0.341351449,0.344404995,0.344058335,0.34902212
0.385,0.398722619,0.421238184,0.39178741,0.39761129,0.398664057
0.353,0.371015728,0.376914889,0.369291902,0.378729045,0.370182663
0.275,0.321207076,0.347677469,0.330322683,0.326097846,0.328716636
0.465,0.450384259,0.466260076,0.443663657,0.444997549,0.450988889
0.5,0.491910607,0.48840636,0.504054606,0.505288959,0.498985946
0.341,0.354687095,0.354063839,0.336989999,0.342342198,0.348279566
0.443,0.458758056,0.448478371,0.43119967,0.42211616,0.422539979
0.909,0.764876783,0.761325359,0.761164784,0.82594955,0.775648713
0.395,0.425172865,0.415198773,0.428398371,0.416550756,0.414885104
0.439,0.441706508,0.440137357,0.476576924,0.444205582,0.448826313
0.364,0.363602191,0.370567054,0.35959667,0.350427866,0.348360419
0.542,0.534317851,0.541795015,0.544090509,0.54667902,0.553236902
0.485,0.490672857,0.494963735,0.512530148,0.500151813,0.498327643
0.405,0.406607628,0.411794424,0.396674097,0.403965712,0.395794988
0.43,0.433634251,0.452877939,0.459089458,0.44813633,0.42914331
0.362,0.368257493,0.380973876,0.37362206,0.36028409,0.36767742
0.396,0.398869336,0.403878391,0.392224878,0.401806355,0.400448084
0.366,0.386354864,0.374542356,0.381988138,0.39277488,0.378473639
0.612,0.565555096,0.559880018,0.551308751,0.561610937,0.601598144
0.448,0.442680478,0.426023275,0.411962718,0.414000094,0.41589731
0.48,0.466146171,0.471334159,0.431711286,0.456221402,0.462337732
0.359,0.36787951,0.37859118,0.436036527,0.426286995,0.385684013
0.562,0.549789369,0.539911389,0.550270379,0.557284832,0.549959719
0.36,0.376805156,0.373430282,0.376979589,0.374915987,0.367197216
0.32,0.345398754,0.353367567,0.36207065,0.347359657,0.358476102
0.458,0.469265789,0.465413362,0.471473515,0.466797888,0.463813156
0.518,0.505691409,0.490379363,0.49021861,0.51173836,0.502853394
0.449,0.454296649,0.472993016,0.393076301,0.445488095,0.445180774
0.475,0.469643921,0.458975613,0.445142478,0.469113171,0.459899485
0.301,0.313753992,0.319473147,0.315282762,0.306368828,0.312203318
0.535,0.508271277,0.533250272,0.528792918,0.536150098,0.532331467
0.425,0.413553059,0.421268523,0.420804709,0.420242161,0.417836785
0.492,0.491453469,0.485122919,0.497953147,0.501464725,0.495579273
0.297,0.306245357,0.304667056,0.314865649,0.304496825,0.312671185
0.397,0.405054986,0.393217564,0.396433949,0.397886664,0.400315374
0.542,0.538596511,0.564531505,0.550713599,0.549020886,0.545303404
0.383,0.376411021,0.357432187,0.340649188,0.335920751,0.34703505
0.279,0.284450382,0.288234174,0.305980325,0.302603573,0.300267458
0.463,0.469350845,0.461403787,0.465816945,0.464200497,0.458743811
0.402,0.423818678,0.424511671,0.423687071,0.414851934,0.407599002
0.485,0.480574191,0.494341522,0.477558911,0.490287721,0.487868935
0.453,0.453901052,0.461600482,0.464959055,0.454997659,0.454319298
0.66,0.630617976,0.614167631,0.636963844,0.668634534,0.638714015
0.582,0.560630202,0.559158802,0.573435009,0.53479147,0.58114779
0.413,0.421968579,0.433202446,0.417810887,0.416123837,0.421147048
0.389,0.397949874,0.399222344,0.394945562,0.394246817,0.395071745
0.404,0.413221955,0.399922311,0.393740058,0.409234315,0.407629371
0.394,0.399021447,0.401473612,0.390236378,0.398157358,0.397808194
0.466,0.467973024,0.456431448,0.469372451,0.461990118,0.464177877
0.286,0.315010995,0.302006572,0.30952993,0.308153778,0.309398919
0.381,0.380777359,0.373627841,0.357956558,0.368908823,0.374081612
0.434,0.410461247,0.417911381,0.419925123,0.426304877,0.425854385
0.427,0.419085383,0.418143213,0.420916736,0.411056459,0.416499019
0.404,0.412786096,0.428884178,0.415373445,0.410481751,0.402303249
0.51,0.493451536,0.514059067,0.522919953,0.503346324,0.503696322
0.388,0.394118726,0.390042722,0.384068727,0.387087822,0.390583575
0.426,0.440788984,0.433888972,0.424669325,0.417790532,0.414639026
0.422,0.426910877,0.421793461,0.424104154,0.408844411,0.411839426
0.473,0.472167671,0.469453871,0.453222513,0.472283721,0.47485435
0.432,0.437962681,0.4428491,0.456763238,0.443875819,0.453664809
0.599,0.59589839,0.600259066,0.612891555,0.614697933,0.614394486
0.691,0.646292865,0.642072082,0.705253065,0.67927134,0.652016044
0.565,0.547097206,0.547523737,0.550745666,0.56155628,0.569163144
0.369,0.383533746,0.38271144,0.366008013,0.353962243,0.359507591
0.749,0.661322117,0.681579649,0.715642214,0.731546164,0.717542768
0.381,0.386557966,0.378867358,0.385270268,0.385371059,0.388063729
0.415,0.408940971,0.403871149,0.408918858,0.40906316,0.413836777
0.557,0.544229746,0.555127025,0.553493977,0.560030401,0.557668686
0.596,0.563137412,0.564690948,0.502002299,0.527068615,0.521601558
0.644,0.629737794,0.652111769,0.643421412,0.654400468,0.649602652
0.378,0.372332066,0.374362797,0.3675102,0.365960717,0.370328397
0.441,0.442429602,0.430433095,0.430118084,0.430068076,0.428821564
0.514,0.49859494,0.504723072,0.46775496,0.497316092,0.505313754
0.356,0.363354355,0.374725133,0.362377673,0.352987766,0.359959543
0.561,0.526217222,0.536644757,0.55199492,0.562106848,0.568283916
0.43,0.43547523,0.427929282,0.422786474,0.426727563,0.426825851
0.523,0.522976279,0.510193527,0.526981175,0.510117054,0.526892483
0.423,0.42107439,0.425560415,0.424638569,0.420004547,0.419265658
0.583,0.513504684,0.529488802,0.555399776,0.574058771,0.573070407
0.535,0.511861384,0.500402749,0.522933304,0.534986079,0.53694576
0.266,0.28571713,0.290821195,0.309662431,0.293034256,0.295097321
0.453,0.465156227,0.483658582,0.441444188,0.460405022,0.46107927
0.56,0.540747285,0.567556858,0.566691875,0.574037969,0.574928463
0.383,0.392867744,0.412688851,0.416530877,0.407300621,0.383413672
0.634,0.616605878,0.608585477,0.616516113,0.660866261,0.628126025
0.441,0.449212134,0.458761573,0.431113601,0.42592144,0.439245462
0.174,0.266881913,0.27478677,0.232948348,0.240400195,0.244134873
0.504,0.505812526,0.485575557,0.514699578,0.480987906,0.496955961
0.457,0.453122854,0.43701452,0.429589987,0.436018288,0.430193901
0.569,0.560403049,0.547783613,0.557092071,0.562464595,0.554350734
0.381,0.410977304,0.400293767,0.388673037,0.387468904,0.388262093
0.591,0.57917124,0.575148165,0.578392208,0.585536659,0.576687753
0.442,0.430707127,0.423897684,0.440456688,0.434007525,0.435151994
0.511,0.49749738,0.494912982,0.518994153,0.500161231,0.498713732
0.397,0.39018777,0.379730225,0.362653911,0.376472473,0.38923192
0.436,0.458789825,0.455301732,0.459719837,0.474807739,0.469360739
0.417,0.421303213,0.41443032,0.423583239,0.417786241,0.41830492
0.495,0.496143222,0.472631127,0.494965136,0.481004357,0.496751308
0.328,0.336218327,0.345510095,0.339316577,0.332091153,0.331091195
0.425,0.421003044,0.423527509,0.417594343,0.412003994,0.419279963
0.37,0.400374502,0.387712508,0.37472105,0.369157255,0.371183008
0.508,0.515311122,0.497797072,0.507204652,0.501157045,0.501917303
0.528,0.500804305,0.524224281,0.539446771,0.506194711,0.523615122
0.202,0.231619716,0.231751129,0.300435901,0.223867804,0.250099242
0.521,0.514069617,0.530749202,0.541497469,0.538784087,0.525027335
0.341,0.360447824,0.352953881,0.353142679,0.343824774,0.34811154
0.513,0.497815013,0.496196687,0.514260054,0.510065913,0.512074113
0.276,0.313622862,0.332711697,0.339586794,0.316255361,0.319256961
0.416,0.431090117,0.421485931,0.40348199,0.409129441,0.407881558
0.344,0.344605595,0.322724342,0.333092153,0.334739268,0.333979458
0.291,0.297473252,0.314332813,0.328713477,0.313880116,0.316938341
0.38,0.381814778,0.383247018,0.381507844,0.389700085,0.384754181
0.516,0.503907859,0.50271529,0.528869152,0.493455917,0.504054546
0.353,0.394518971,0.37241286,0.360376954,0.360826492,0.364997387
0.399,0.410706133,0.407147706,0.407451302,0.404293537,0.406069279
0.396,0.416647226,0.444476008,0.484568417,0.460634589,0.46344012
0.443,0.444876134,0.444253772,0.4727723,0.469979286,0.459076315
0.48,0.468006939,0.454407156,0.462953001,0.474557757,0.474867433
0.387,0.422744483,0.410449624,0.3982279,0.395243466,0.395018995
0.516,0.517088771,0.535726368,0.524168909,0.5252074,0.524625361
0.337,0.341135114,0.344335854,0.340576321,0.33072722,0.342524588
0.464,0.481116772,0.462331831,0.4659518,0.462249905,0.46199894
0.475,0.478871167,0.472214818,0.461856544,0.477219045,0.474212766
0.554,0.551501036,0.558365703,0.558207452,0.560309052,0.561693311
0.545,0.530155122,0.551079273,0.549329519,0.549556673,0.553543806
0.436,0.429742128,0.438248008,0.436977446,0.437338501,0.434681892
0.448,0.439371347,0.451086551,0.445599943,0.433691859,0.441767007
0.339,0.339699537,0.337996125,0.340077817,0.349197984,0.346075147
0.429,0.44084388,0.437141657,0.449845642,0.447201163,0.445438832
0.674,0.633633435,0.636099398,0.685103476,0.649686098,0.627306104
0.356,0.362063169,0.374608248,0.355272442,0.352798939,0.34967792
0.373,0.38024056,0.348187983,0.367791563,0.365311205,0.369880855
0.563,0.573649049,0.563953876,0.564255118,0.570997596,0.563038945
0.446,0.454942971,0.450696558,0.460993171,0.456911385,0.461282611
0.537,0.53053987,0.509743869,0.527074337,0.53607446,0.528851449
0.375,0.39556393,0.432082087,0.515258431,0.423867106,0.411619365
0.336,0.358608156,0.346833646,0.33810553,0.33419919,0.342215002
0.499,0.496204734,0.505522192,0.521244764,0.51365906,0.520427585
0.436,0.432300806,0.431425959,0.435631156,0.441501319,0.441850483
0.45,0.461118072,0.450170457,0.460098982,0.454340398,0.458667517
0.54,0.522320032,0.520197928,0.535289288,0.524155259,0.541492343
0.639,0.627924263,0.602267921,0.673899531,0.649222791,0.655286193
0.438,0.431696683,0.426702559,0.428974092,0.43105337,0.428835779
0.396,0.391830325,0.394457221,0.398242384,0.397173464,0.399708629
0.49,0.497920871,0.482264102,0.46960181,0.478909254,0.484287411
0.354,0.350907922,0.368226141,0.372147024,0.361557782,0.366689324
0.574,0.544520378,0.502841413,0.544255674,0.516039491,0.527294815
0.523,0.513379157,0.523730516,0.550290942,0.536063552,0.52583611
0.425,0.421945065,0.423310101,0.428205013,0.433699787,0.427730858
0.405,0.409085095,0.418794572,0.404845834,0.409132928,0.410002053
0.347,0.358433872,0.376300544,0.341911644,0.355267376,0.352223933
0.464,0.465199918,0.456002891,0.465123355,0.462090075,0.462684214
0.425,0.434288859,0.417966098,0.426261425,0.41415745,0.420943856
0.335,0.358970672,0.346253008,0.329629451,0.328215122,0.331711322
0.532,0.519353092,0.525794685,0.543998599,0.532009482,0.555549324
0.465,0.451322019,0.451896131,0.452814251,0.454507828,0.46814388
0.396,0.395969123,0.399404228,0.39278385,0.392191708,0.397117794
0.344,0.348934233,0.353181571,0.343764544,0.338925898,0.350076705
0.261,0.278904587,0.279381335,0.302012533,0.289224952,0.287009716
0.4,0.398767263,0.392617524,0.391684085,0.394721121,0.379361689
0.418,0.401938945,0.429392904,0.396726012,0.401737541,0.406553328
0.342,0.348067105,0.350000679,0.344100088,0.34213385,0.344581842
0.337,0.351701319,0.358945906,0.333192587,0.345725179,0.342422456
0.302,0.307951242,0.292101115,0.308641732,0.298513532,0.301887304
0.511,0.502489746,0.501183391,0.512142241,0.511422217,0.523991704
0.382,0.390929043,0.388235509,0.376043767,0.362778425,0.373713851
0.677,0.652879357,0.667497277,0.677180052,0.665127516,0.65818423
0.428,0.42439571,0.419578969,0.427597463,0.42143178,0.413574934
0.384,0.389046788,0.409808099,0.408570349,0.40010649,0.39868772
0.422,0.435880154,0.420937717,0.425288141,0.425494075,0.425665855
0.301,0.315251082,0.315778375,0.326135457,0.322444916,0.321451992
0.607,0.587727666,0.602106512,0.591614604,0.605973542,0.597971201
0.587,0.571727037,0.569628239,0.575411201,0.58819133,0.578378797
0.328,0.347062528,0.359740734,0.487365246,0.345735431,0.344024003
0.417,0.418985665,0.418323129,0.422734797,0.420997024,0.420505166
0.386,0.399808377,0.395534575,0.39097476,0.394688606,0.392483234
0.367,0.373917818,0.372075081,0.385860175,0.388885021,0.385917455
