GT,all parts,SPVAE,5040,10240,20000,wings
0.425,0.386975197,0.278397687,0.334647285,0.401323893,0.348738241,0.317071405
0.885,0.752585948,0.753473755,0.834906733,0.82290802,0.883746147,0.815226667
0.756,0.625540333,0.659231886,0.69958088,0.570578231,0.754047702,0.694978568
0.177,0.45166857,0.385992166,0.526648551,0.554483238,0.488408213,0.41194319
0.074,0.110478837,0.122649351,0.131451963,0.139100976,0.074119173,0.132350356
0.436,0.430155601,0.419920217,0.445709775,0.44485339,0.436648677,0.44405099
0.24,0.23663532,0.235537662,0.270685868,0.214567368,0.239969494,0.241782586
0.778,0.698461438,0.697340582,0.745006151,0.715518234,0.777520291,0.727196519
0.142,0.621187046,0.588309335,0.515928369,0.52569467,0.4871412,0.623442863
0.348,0.329840891,0.371452526,0.352399264,0.358247412,0.348293626,0.350340898
0.043,0.273298954,0.160281372,0.131957756,0.342395127,0.053966777,0.138841248
0.895,0.808566567,0.827810626,0.86101716,0.766858684,0.893717067,0.867714807
0.256,0.243034638,0.28136135,0.258471811,0.246079547,0.255536214,0.25499152
0.552,0.308304945,0.332014292,0.202441046,0.205312987,0.26069971,0.244588564
0.792,0.796490161,0.656696452,0.520017161,0.617264952,0.553353705,0.745396278
0.467,0.419920905,0.43414676,0.467118176,0.478514217,0.467754747,0.443779044
0.709,0.662847849,0.585517632,0.610233545,0.584201362,0.562638856,0.603503286
0.475,0.395621426,0.452529158,0.455014475,0.505407738,0.451424411,0.468920952
0.052,0.135945344,0.10259086,0.103094318,0.140664576,0.053120131,0.08781616
0.254,0.217623295,0.259802282,0.327186119,0.363950687,0.422348205,0.276369743
0.646,0.661330115,0.61031794,0.634562636,0.568793886,0.645710351,0.631254923
0.328,0.341497433,0.315636494,0.306714605,0.332743682,0.327441145,0.297261323
0.607,0.595827984,0.598171817,0.583047438,0.516824638,0.606581676,0.590959322
0.25,0.444570418,0.50745815,0.541472381,0.5308808,0.65486529,0.498364281
0.569,0.49447377,0.521706332,0.554475086,0.550781273,0.568507448,0.530470614
0.433,0.376669176,0.408160474,0.424407575,0.435707279,0.433179721,0.397195749
0.862,0.758660201,0.757936977,0.816514235,0.764668519,0.86050339,0.809740178
0.059,0.108551885,0.122099947,0.11759713,0.143392033,0.062020677,0.125067152
0.301,0.200018613,0.263838177,0.204787666,0.263969699,0.300831609,0.23608286
0.554,0.512011854,0.51906373,0.541955404,0.536424759,0.554412593,0.511996288
0.526,0.480980635,0.47077949,0.50399785,0.463947491,0.525751641,0.508340108
0.177,0.241518652,0.244726306,0.208298028,0.215544774,0.177217291,0.217589518
0.082,0.183884515,0.211555816,0.105851624,0.147264828,0.082581073,0.13927301
0.458,0.433755932,0.456812466,0.460382303,0.448277914,0.457816801,0.463509335
0.302,0.229635631,0.337151091,0.204876329,0.235654848,0.226300002,0.221258776
0.026,0.209636621,0.247771313,0.30312395,0.324253838,0.335559424,0.30788914
0.411,0.368778056,0.388033561,0.409354717,0.422436058,0.41052421,0.368622388
0.304,0.301808234,0.292936865,0.308640881,0.291617202,0.301445669,0.302550675
0.182,0.20559395,0.20937312,0.200533684,0.242571493,0.182777797,0.180692097
0.337,0.336373652,0.332706168,0.338298946,0.330313126,0.336125986,0.328247371
0.286,0.387037064,0.31189243,0.322341542,0.315614752,0.341399636,0.326450035
0.295,0.291670249,0.298126785,0.273799891,0.32052557,0.357368198,0.348890364
0.322,0.292695006,0.331547918,0.367443462,0.370933204,0.328026603,0.352979304
0.078,0.144431566,0.128154338,0.102028735,0.096654992,0.08010059,0.121841906
0.568,0.526175156,0.541387217,0.547472582,0.557978835,0.567420334,0.555575373
0.158,0.411883535,0.415086601,0.5093982,0.4679827,0.492756697,0.470091371
0.35,0.357605287,0.365884327,0.362317621,0.375092749,0.349797656,0.321486821
0.12,0.216514203,0.323154707,0.217140316,0.243263456,0.322520928,0.345155641
0.095,0.152212222,0.145699253,0.128888158,0.114349709,0.09564748,0.121923942
0.098,0.196379816,0.272890434,0.185502346,0.13603272,0.177563515,0.260628761
0.532,0.417009988,0.414775344,0.28494697,0.334334032,0.38601854,0.35104278
0.299,0.302899959,0.294093888,0.30635844,0.333999973,0.300104422,0.302719829
0.037,0.092201496,0.130810226,0.063464645,0.098028477,0.037562305,0.069193199
0.39,0.395872544,0.398375797,0.388827621,0.412576701,0.390336238,0.393436783
0.383,0.351541035,0.361973096,0.383549306,0.377907028,0.383123522,0.34657641
0.418,0.352169702,0.408663571,0.371997642,0.366762159,0.416897251,0.413023665
0.587,0.394348923,0.390922006,0.345448458,0.353375801,0.425867206,0.44641169
0.322,0.305170855,0.290253811,0.321309632,0.353593585,0.372301477,0.270161885
0.172,0.194201367,0.197852565,0.177391915,0.210798129,0.172046314,0.179312094
0.325,0.357691487,0.361356881,0.338538107,0.349704002,0.33997538,0.372943069
0.365,0.424344735,0.527975995,0.494139308,0.442353178,0.466493578,0.352829067
0.137,0.231069793,0.401329026,0.184649043,0.186091723,0.208201774,0.405715635
0.393,0.366599455,0.378117064,0.360215469,0.391606747,0.391864388,0.369127589
0.556,0.569076201,0.546405902,0.558249244,0.528945659,0.5559897,0.544386826
0.264,0.25845504,0.27946172,0.264421573,0.237535635,0.262081157,0.234515792
0.238,0.272045135,0.222795068,0.289686583,0.202412946,0.256073318,0.297630619
0.414,0.369613301,0.375037422,0.426309539,0.313181715,0.367824944,0.342251701
0.944,0.869339067,0.84382293,0.878000371,0.850090269,0.941045059,0.909614807
0.16,0.404995743,0.400635313,0.284373497,0.295147645,0.328449662,0.397475282
0.534,0.398991797,0.516227731,0.374486434,0.399953187,0.44003738,0.336377318
0.576,0.548409205,0.476274939,0.553572875,0.522968332,0.570780499,0.557950716
0.192,0.191483596,0.247053965,0.215601842,0.208113349,0.191184327,0.206529346
0.239,0.319366913,0.320931931,0.273805718,0.319054381,0.240071582,0.289070921
0.012,0.371429122,0.319118793,0.375495107,0.37819011,0.463311422,0.49076167
0.284,0.151272765,0.312998989,0.241601031,0.232927222,0.335350216,0.300896498
0.226,0.287496919,0.283890054,0.239197624,0.251086451,0.229007171,0.275557782
0.224,0.365993407,0.420845648,0.352617057,0.319633603,0.271597631,0.37199463
0.323,0.304769433,0.340020538,0.314903757,0.275946805,0.322621426,0.308976082
0.384,0.401318744,0.412642011,0.383809375,0.410773876,0.383784463,0.403840882
0.203,0.244386285,0.229187866,0.221265599,0.252960407,0.203601106,0.218352893
0.334,0.318439584,0.324389575,0.325900129,0.347360796,0.334134708,0.328396485
0.188,0.328157237,0.402600914,0.327303934,0.356847074,0.331652958,0.238924582
0.131,0.1558119,0.215088041,0.200916162,0.196542286,0.22765663,0.226262805
0.002,0.072372542,0.104178169,0.038316174,0.048301531,0.004191087,0.051054501
0.579,0.499786688,0.461745229,0.445543798,0.565129654,0.610477283,0.740644115
0.982,0.775032774,0.61781083,0.815734506,0.72949383,0.860755442,0.65081306
0.269,0.281225084,0.310425425,0.264985215,0.238125709,0.266402013,0.30329204
0.269,0.293344251,0.302650213,0.274320092,0.265994738,0.269539648,0.274780732
0.478,0.31964215,0.348653428,0.448276575,0.394675296,0.282022466,0.358392797
0.412,0.392600067,0.401880946,0.272763076,0.344608035,0.255111417,0.499503053
0.202,0.306820991,0.336980002,0.33981259,0.289684325,0.356266091,0.347674315
0.507,0.589105526,0.52323569,0.526198345,0.567733911,0.508076648,0.553735956
0.547,0.383858103,0.404957284,0.462685804,0.465597817,0.419627642,0.490235168
0.546,0.474689793,0.480177401,0.530982154,0.539667359,0.546090323,0.523471354
0.265,0.439711567,0.462669702,0.470550283,0.412682556,0.353295629,0.325552786
0.192,0.161094076,0.202778446,0.197154571,0.178851531,0.191474184,0.203292927
0.379,0.332574763,0.345546776,0.309965153,0.337873731,0.375246372,0.342695231
0.251,0.257642268,0.263803539,0.251732596,0.253415037,0.251161074,0.251295906
0.791,0.677357368,0.732704699,0.747474109,0.615490038,0.7854639,0.744733185
0.396,0.374745626,0.428027729,0.403553041,0.421988956,0.396498475,0.407903097
0.276,0.273244056,0.276192366,0.309756199,0.317135511,0.275686982,0.287785633
0.484,0.355042108,0.34104968,0.301150932,0.350356386,0.34389768,0.45113607
0.405,0.417234281,0.402769288,0.410780384,0.427651056,0.4051874,0.420090652
0.191,0.227310888,0.295168818,0.501603695,0.434804438,0.439139518,0.335765938
0.381,0.380817263,0.412160955,0.292801061,0.328276412,0.306008377,0.346282061
0.669,0.582836129,0.587041449,0.632126263,0.526161097,0.66817618,0.64168658
0.727,0.709161174,0.683982309,0.735491326,0.698633984,0.726385107,0.725707332
0.063,0.303976504,0.183526569,0.250544453,0.21834927,0.342931067,0.290192615
0.708,0.413663674,0.395956742,0.494311769,0.446565207,0.490219379,0.403800966
0.163,0.205019433,0.201545462,0.169407459,0.18879156,0.173634023,0.176403751
0.824,0.789039038,0.753878713,0.820910105,0.778683132,0.824450269,0.799039707
0.14,0.327501579,0.302337963,0.379788708,0.324113302,0.37116034,0.522078991
0.393,0.375573906,0.395236081,0.356890644,0.333197693,0.392229958,0.348183239
0.158,0.180810504,0.213625538,0.172877974,0.150769717,0.157668417,0.1784759
0.822,0.657540478,0.642827779,0.507670796,0.52453503,0.634944219,0.518425913
0.855,0.839831594,0.784080792,0.842998404,0.847740011,0.858764788,0.817398589
0.383,0.371951036,0.367694683,0.361467765,0.337375685,0.382016699,0.360415699
0.293,0.37619712,0.349555667,0.359623604,0.362148611,0.393013385,0.325344999
0.483,0.366330722,0.328940381,0.309332659,0.397732236,0.41412193,0.441375599
0.039,0.157391394,0.25217199,0.214598697,0.239929817,0.228842331,0.280305004
0.237,0.406295782,0.51175577,0.368235985,0.450127576,0.442914921,0.553066004
0.039,0.374948125,0.367587245,0.230712147,0.26926434,0.222694511,0.323534247
0.251,0.29518145,0.303473149,0.279235909,0.34278833,0.253579563,0.283188683
0.256,0.263831562,0.268092313,0.257662551,0.246939558,0.255210832,0.258449377
0.639,0.508591028,0.616525199,0.625025982,0.580508141,0.639469495,0.592529511
0.586,0.494174292,0.474604772,0.515533114,0.502503815,0.539229213,0.426420024
0.548,0.477096679,0.526960555,0.528702259,0.498394353,0.547259478,0.49826387
0.141,0.186591477,0.176808615,0.162957493,0.190467073,0.141704191,0.154589715
0.04,0.110197951,0.128265895,0.092147408,0.159945286,0.046037592,0.129657222
0.406,0.402724778,0.421519121,0.406115651,0.419567372,0.406300117,0.430066419
0.623,0.638635254,0.58197107,0.628838357,0.577003322,0.622545532,0.608205899
0.337,0.370592834,0.340136033,0.350374376,0.392061204,0.33705968,0.314043994
0.184,0.141677158,0.218829111,0.157022516,0.22524332,0.18143779,0.229745585
0.047,0.113446714,0.125066514,0.079030989,0.094557964,0.047411854,0.091367766
0.512,0.38912723,0.522547058,0.393079352,0.430042166,0.422390293,0.413881346
0.157,0.151878377,0.223015428,0.241261118,0.238704398,0.303198774,0.247635899
0.154,0.198913404,0.195612438,0.203183282,0.210009232,0.154442288,0.178582082
0.475,0.43975736,0.430128304,0.459282731,0.439014793,0.474895786,0.455065771
0.228,0.245496902,0.254996873,0.237086996,0.233480663,0.22909133,0.23891737
0.78,0.5010795,0.407496875,0.532735252,0.564811049,0.508788039,0.556658491
0.467,0.480839284,0.440813763,0.461025607,0.460404118,0.466227129,0.463269173
0.547,0.542503826,0.525838038,0.556443856,0.541686503,0.547247683,0.55244715
0.807,0.705920115,0.680490732,0.741016107,0.717511756,0.805989128,0.710954726
0.485,0.549581733,0.48183202,0.486526337,0.527219278,0.485498975,0.501240101
0.302,0.324170467,0.334623348,0.304366469,0.292089198,0.301443548,0.327888122
0.421,0.333890925,0.385455891,0.396513,0.419616709,0.420753547,0.354356145
0.323,0.315925082,0.36200098,0.3268148,0.321399494,0.323029937,0.32475351
0.065,0.118512987,0.125853156,0.107413602,0.113803207,0.06564854,0.105239746
0.444,0.441476624,0.470480854,0.371391153,0.350679226,0.368751369,0.431039453
0.254,0.280671264,0.273308319,0.268243439,0.253884997,0.253640923,0.263568186
0.275,0.32346637,0.310936376,0.277409762,0.313525348,0.275925716,0.273358662
0.46,0.428319383,0.414665194,0.424529605,0.379699512,0.457335417,0.430973365
0.67,0.595452141,0.616046891,0.645426165,0.62711738,0.669373327,0.624205808
0.032,0.107128697,0.125034369,0.091105709,0.08156163,0.033364525,0.076790876
0.542,0.436919037,0.347158766,0.281244557,0.317901019,0.341345237,0.335490365
0.166,0.193532791,0.215429691,0.169458716,0.187342497,0.165195678,0.157246378
0.315,0.315068353,0.301845011,0.270930474,0.280265576,0.314626926,0.305087051
0.631,0.577879628,0.544745142,0.61234063,0.573769032,0.630254416,0.616130816
0.264,0.274469465,0.318537652,0.265652569,0.279514679,0.264308919,0.252488777
0.302,0.392512899,0.326942926,0.412558074,0.505008503,0.394469128,0.35275986
0.155,0.428846477,0.403992961,0.315440389,0.357156797,0.310747337,0.3416125
0.026,0.182685019,0.255282138,0.188636442,0.201418135,0.177300567,0.187050123
0.729,0.650400469,0.622349387,0.709597178,0.715248534,0.728765917,0.701581836
0.183,0.240513093,0.262587806,0.229822813,0.264468176,0.184195004,0.22198892
0.776,0.702150898,0.679130087,0.741973535,0.71921717,0.775384374,0.75164519
0.506,0.443587873,0.472505448,0.483211628,0.487402387,0.504335026,0.479659777
0.076,0.092673878,0.143737912,0.088834824,0.108169338,0.079154993,0.093107708
0.545,0.536387268,0.501552515,0.536076163,0.538991113,0.544831319,0.538486142
0.134,0.158740393,0.222694522,0.15130969,0.167790984,0.134257996,0.147138988
0.532,0.500963377,0.497280149,0.546650249,0.531795237,0.532726229,0.492209977
0.042,0.075811911,0.126218288,0.072013897,0.080865635,0.042488603,0.076755875
0.073,0.093503785,0.136211104,0.109725269,0.086722431,0.074696865,0.128513898
0.898,0.910349853,0.642598871,0.82870443,0.835638776,0.868707061,0.672929058
0.699,0.695003143,0.672338698,0.692062841,0.704638207,0.698952693,0.706899615
0.838,0.738152269,0.735243946,0.798323743,0.736184744,0.835781893,0.758701622
0.526,0.289271179,0.363180482,0.291041179,0.345838213,0.305388571,0.384044053
0.284,0.248631084,0.255648014,0.187707327,0.225229841,0.283971934,0.26492716
0.37,0.333522207,0.35812234,0.362738708,0.370817241,0.370243928,0.361629741
0.07,0.158182642,0.141681238,0.098729431,0.110939573,0.070360155,0.104075289
0.265,0.283262982,0.293301255,0.275555503,0.253699595,0.264869745,0.285487194
0.729,0.335402654,0.324039461,0.425612385,0.346645903,0.400781339,0.351144827
0.121,0.134939036,0.327219641,0.304996436,0.341092609,0.25923859,0.365807803
0.435,0.426867617,0.45795821,0.426156701,0.458102703,0.435125344,0.444305602
0.199,0.236607569,0.226024938,0.2180879,0.240812059,0.19987643,0.223201608
0.626,0.601334579,0.594166944,0.607890658,0.629753366,0.625342038,0.607334702
0.287,0.318609811,0.39213918,0.237455746,0.172350121,0.343059871,0.380249585
0.306,0.317890963,0.33597492,0.306615558,0.296356469,0.305316312,0.327017791
0.666,0.333980689,0.408447087,0.274452975,0.253928008,0.329474774,0.356690075
0.09,0.16113431,0.168698062,0.131491187,0.16137842,0.093663973,0.140832528
0.334,0.406071324,0.48777158,0.348413286,0.432609715,0.387889005,0.307147749
0.586,0.575296793,0.567915816,0.576316882,0.552246227,0.585747626,0.599877814
0.728,0.580760079,0.636851802,0.672870899,0.566751525,0.718138601,0.652078914
0.07,0.133579045,0.121174047,0.114392865,0.184632112,0.07127324,0.091696031
0.054,0.101748033,0.124232183,0.09753631,0.088606574,0.054652166,0.080072173
0.367,0.318329034,0.424214363,0.299808112,0.372729005,0.349699446,0.32690035
0.701,0.511974545,0.548381696,0.455345117,0.477996221,0.428706847,0.414169259
0.072,0.142173458,0.17204462,0.127396248,0.163471307,0.073101861,0.097994189
0.778,0.698686231,0.676014084,0.740112784,0.681320183,0.777323092,0.759939406
0.247,0.28954715,0.28426244,0.256621262,0.26544615,0.246920827,0.285205833
0.352,0.319498323,0.333445676,0.366071485,0.369313072,0.349444022,0.341822081
0.267,0.327227158,0.348607225,0.302281145,0.320386743,0.267697909,0.320660351
0.097,0.198717429,0.267080859,0.342849288,0.343416762,0.349242268,0.215746561
0.127,0.387209471,0.272191357,0.291308838,0.31046916,0.278560167,0.307879456
0.22,0.316785891,0.247204859,0.268795844,0.264892466,0.220812251,0.2736583
0.13,0.132864074,0.160673335,0.137611544,0.120330245,0.129203478,0.136086488
0.232,0.27457553,0.319811917,0.264104447,0.334977108,0.264281389,0.335593034
0.665,0.659860834,0.644316677,0.658768676,0.655185368,0.665099774,0.680778726
0.353,0.329925555,0.295210462,0.358810101,0.331866242,0.294632718,0.335803543
0.464,0.460841803,0.448809698,0.481689236,0.464764768,0.465511904,0.488492887
0.394,0.387845675,0.393085422,0.377390126,0.363941531,0.393870734,0.391525312
0.409,0.36711102,0.357794095,0.320963407,0.346315967,0.408112899,0.377722882
0.58,0.524004981,0.492455395,0.570069622,0.550877477,0.578131151,0.562024414
0.965,0.859578464,0.855092175,0.922745664,0.835357176,0.96310195,0.942364167
0.139,0.189305005,0.200225091,0.168648898,0.16925252,0.13929987,0.18054571
0.532,0.569024529,0.540359924,0.535291596,0.547097785,0.532925449,0.526017015
0.664,0.642020667,0.620664923,0.636694337,0.645476363,0.662791722,0.662175103
0.384,0.462561039,0.389657604,0.425498536,0.321668349,0.422987097,0.431369798
0.417,0.390435472,0.408959365,0.412834731,0.440909514,0.417142374,0.421322047
0.132,0.199230851,0.197275867,0.176294517,0.221870145,0.184802723,0.18068278
0.586,0.591073411,0.564250853,0.587008418,0.574908011,0.586123843,0.569736692
0.175,0.245593484,0.227358923,0.196875703,0.219877313,0.175166806,0.197187846
0.057,0.141462765,0.109051028,0.085955263,0.100207218,0.058857366,0.104350692
0.714,0.751537032,0.678271415,0.704514655,0.655613987,0.713958235,0.710683693
0.138,0.35853728,0.217041742,0.226289196,0.284839559,0.340262599,0.1652356
0.311,0.419309132,0.390954493,0.246147042,0.289902369,0.285159338,0.346657838
0.274,0.33016401,0.321673214,0.284892912,0.299246853,0.27463174,0.298637268
0.23,0.22475631,0.2438945,0.231058671,0.219088373,0.229337407,0.221590479
0.854,0.690754469,0.733382855,0.791641504,0.70177504,0.852719638,0.819143834
0.084,0.134564626,0.139218946,0.11947184,0.094297401,0.084721235,0.123054089
0.055,0.110600376,0.124265569,0.085325753,0.13120458,0.056044139,0.098167353
0.384,0.408860137,0.395585464,0.352186499,0.374896825,0.38401387,0.372832553
0.586,0.603278235,0.528179727,0.582836067,0.596869019,0.585682247,0.599945871
0.587,0.524699278,0.543422459,0.579139816,0.586597633,0.584533332,0.551543474
0.081,0.106561497,0.223708684,0.231075373,0.237786246,0.268858234,0.22470365
0.098,0.174134624,0.141486476,0.14320611,0.173274421,0.105130269,0.128494788
0.047,0.10939483,0.118437356,0.072528197,0.08016303,0.047674156,0.079624509
0.817,0.755144924,0.72495997,0.775934286,0.74930441,0.817597352,0.801697068
0.508,0.431267522,0.457238121,0.474645041,0.422895094,0.507845297,0.492443256
0.057,0.192484019,0.279431794,0.389386499,0.390571459,0.404680296,0.242997147
0.642,0.45058422,0.383457931,0.508453737,0.510117186,0.445775412,0.457277701
0.452,0.425768672,0.461574666,0.455579501,0.433210004,0.452065006,0.45755353
0.843,0.546117388,0.588301744,0.596915098,0.455924119,0.580850066,0.542124609
0.67,0.521521755,0.454554129,0.467339301,0.487669536,0.469177018,0.368634799
0.052,0.121907083,0.138185224,0.083875455,0.135576731,0.054379043,0.101613404
0.399,0.458706515,0.418107746,0.505887087,0.478278065,0.456764141,0.551324966
0.616,0.568654366,0.535977622,0.606588558,0.587318557,0.580390865,0.518144133
0.205,0.226597155,0.363703378,0.277647123,0.323655206,0.376301501,0.306980611
0.191,0.249447709,0.369261279,0.271025809,0.268616092,0.314442656,0.287896336
0.417,0.745013749,0.703729177,0.857085714,0.767080577,0.82443698,0.708693236
0.314,0.253438802,0.278119775,0.180445693,0.247375375,0.308167986,0.264373442
0.24,0.303597455,0.29450442,0.25235025,0.28950474,0.240910493,0.306978192
0.226,0.235198171,0.245294103,0.232145608,0.235314721,0.226494387,0.233752288
0.452,0.420372531,0.456988327,0.495830801,0.457683838,0.452743776,0.471397141
0.063,0.144769032,0.103551404,0.104970131,0.136052318,0.063277657,0.08993439
0.887,0.746052235,0.716378115,0.816853235,0.670657678,0.885856837,0.777316265
0.154,0.28727862,0.453711674,0.422305011,0.448845601,0.411022618,0.333733521
0.035,0.102458501,0.121541829,0.074597713,0.080814921,0.03414894,0.084676136
0.067,0.373113341,0.308034688,0.258312935,0.317060084,0.284705488,0.3066711
0.147,0.362324218,0.25415599,0.194770542,0.340346395,0.147436904,0.209731291
0.339,0.299006451,0.341783503,0.280002214,0.310012287,0.338336821,0.312285168
0.361,0.369016363,0.355194781,0.360793274,0.370397685,0.360909127,0.33716023
0.145,0.152860292,0.167929313,0.170627762,0.180109912,0.145890814,0.153286825
0.591,0.490111681,0.490998624,0.579308812,0.537912608,0.487176162,0.537002818
0.185,0.222550138,0.236402511,0.200545097,0.227173688,0.184630213,0.198703836
0.486,0.463494984,0.47961406,0.475646068,0.430096682,0.483825757,0.451622713
0.094,0.314918169,0.324906886,0.199704389,0.217983124,0.281818381,0.251210271
0.134,0.13781051,0.199139096,0.158004727,0.162963843,0.134589134,0.154358496
0.191,0.258165614,0.25194936,0.199688559,0.231388573,0.191880557,0.205856736
0.408,0.3444626,0.348756451,0.458913009,0.482438357,0.509628414,0.359614935
0.339,0.300612611,0.33572991,0.325908678,0.339848279,0.338934788,0.302032996
0.641,0.55669836,0.543138983,0.593561159,0.520726811,0.640165308,0.606422057
0.109,0.124059898,0.166567241,0.139553086,0.156016532,0.109191895,0.124414203
0.147,0.161397063,0.190989159,0.170772581,0.218299082,0.147204672,0.181916667
0.211,0.197209212,0.340248781,0.177359312,0.210153498,0.174659659,0.24704983
0.724,0.356029429,0.401611874,0.588388214,0.525378281,0.448078669,0.442229106
0.431,0.388239561,0.40015576,0.377464831,0.405803417,0.430357983,0.410218506
0.614,0.576408546,0.513282478,0.571183536,0.517437044,0.61303628,0.581460675
0.293,0.218061262,0.335902964,0.310406712,0.383759267,0.421387612,0.293328233
0.511,0.432386965,0.462814623,0.477951143,0.470489232,0.509679957,0.464618105
0.738,0.660353685,0.640946895,0.713245928,0.690374799,0.737621156,0.721742843
0.334,0.298405818,0.312424781,0.282144765,0.291210769,0.332644008,0.32206984
0.328,0.34817855,0.316986864,0.217928973,0.255168928,0.326809449,0.335246489
0.497,0.440089395,0.448476743,0.491380328,0.473879898,0.496735239,0.47358649
0.264,0.29782071,0.317067211,0.281417504,0.266005934,0.266214617,0.276241745
0.459,0.453066319,0.431107592,0.488203511,0.490149287,0.461049888,0.484569184
0.652,0.590058483,0.627053456,0.62810611,0.58645549,0.651867705,0.632184886
0.395,0.447851544,0.410348425,0.532036738,0.530747021,0.482238974,0.466069605
0.38,0.395075548,0.402942034,0.381808311,0.35003524,0.379425505,0.406483207
0.387,0.387859161,0.359486154,0.390897613,0.428926672,0.387229464,0.401887399
0.225,0.218429553,0.285761593,0.254557211,0.230706224,0.224894908,0.225051412
0.558,0.528774979,0.501924245,0.543408114,0.535032638,0.557534595,0.547043863
0.561,0.563988335,0.545710722,0.525549462,0.533741891,0.56092761,0.543877123
0.425,0.462278005,0.44276109,0.428964065,0.436307702,0.425426942,0.428977625
0.443,0.426548433,0.395960566,0.376534336,0.426006987,0.441867298,0.410697719
0.4,0.30163607,0.48529651,0.310887338,0.278818352,0.278196845,0.286944922
0.637,0.581709098,0.595049469,0.616745938,0.620697866,0.636311308,0.601583028
0.257,0.249758998,0.287118409,0.233554699,0.230486691,0.256528582,0.264343192
0.154,0.210651711,0.208937715,0.191913767,0.17702367,0.154323795,0.191987461
0.444,0.468588144,0.424950719,0.449122547,0.461550405,0.4569571,0.380434276
0.502,0.488278111,0.522223474,0.496639212,0.473863475,0.502353425,0.51444126
0.103,0.171907774,0.204524731,0.117457476,0.145589884,0.10347082,0.118245456
0.306,0.641771974,0.483740306,0.571696544,0.56127357,0.519395048,0.620360103
0.082,0.153000828,0.1599704,0.108017304,0.138353823,0.082827354,0.105114006
0.69,0.605866823,0.607718522,0.64309191,0.549705853,0.688323744,0.640995441
0.428,0.375809537,0.394393556,0.407531246,0.389114981,0.426664627,0.41621384
0.429,0.442047855,0.326654865,0.430796128,0.344976929,0.316093844,0.355053838
0.447,0.36376396,0.395736501,0.416096107,0.41790923,0.446255999,0.395983221
0.443,0.373338141,0.423569034,0.54096551,0.513935922,0.518214736,0.477973658
0.188,0.20321728,0.237893913,0.187086347,0.183070645,0.187059463,0.17693456
0.205,0.254562601,0.275011806,0.254239847,0.319524639,0.266713866,0.300982123
0.488,0.478745945,0.481409568,0.513409864,0.540143134,0.489600567,0.460404757
0.519,0.467645636,0.48345159,0.500613245,0.521409778,0.519137156,0.494605709
0.371,0.464634726,0.404322904,0.469103512,0.449163625,0.377803124,0.418713996
0.133,0.205902694,0.174161578,0.156457028,0.20385501,0.133711177,0.177978101
0.453,0.222829496,0.290783728,0.230193821,0.279466416,0.294809892,0.253425878
0.479,0.467065314,0.482066005,0.478545809,0.507756258,0.479269464,0.481397007
0.686,0.623066599,0.622602219,0.639738237,0.59830889,0.682298654,0.667932167
0.135,0.1711066,0.15821146,0.148857305,0.16974097,0.135175356,0.14707574
0.352,0.409674698,0.384186918,0.4041521,0.445042695,0.39013774,0.396637836
0.315,0.358764043,0.324510976,0.325300542,0.333616119,0.316072832,0.305260399
0.055,0.385552636,0.336359842,0.358883468,0.374004316,0.378109013,0.257774605
0.864,0.855168238,0.800449584,0.850424999,0.83642284,0.864781296,0.828341091
0.398,0.437449006,0.408995593,0.41653375,0.445961225,0.398373877,0.404494416
0.579,0.58330843,0.563436016,0.554590446,0.55237205,0.578995265,0.576059642
0.312,0.281692974,0.316492232,0.287719414,0.308686476,0.311048827,0.3075883
0.083,0.084482033,0.14116381,0.090546909,0.088501382,0.080121243,0.099019285
0.173,0.306863401,0.248032994,0.215149056,0.386023972,0.18073893,0.256944354
0.224,0.237861536,0.27826663,0.236055145,0.229626894,0.223159895,0.253513831
0.205,0.260087682,0.240434662,0.267847179,0.244295041,0.206458129,0.223249033
0.242,0.255721118,0.305113809,0.352138706,0.334280538,0.355260589,0.276835164
0.603,0.574294707,0.568542834,0.566559703,0.576624937,0.602851181,0.597857703
0.44,0.425215336,0.292309517,0.268176754,0.358915438,0.310770495,0.45365604
0.551,0.536311077,0.49369566,0.544448337,0.544133362,0.547808592,0.543942652
0.322,0.318788794,0.357521554,0.331427367,0.376200803,0.321682308,0.364896699
0.761,0.720077325,0.682562005,0.732819122,0.668379203,0.759890093,0.719875749
0.236,0.197586217,0.276172494,0.232819338,0.233655353,0.235769937,0.250133062
0.196,0.185000322,0.201405176,0.198820367,0.211839545,0.196150564,0.213223692
0.33,0.313359845,0.320441984,0.334430345,0.359476028,0.329361415,0.31330887
0.398,0.381967558,0.378485559,0.399943707,0.426258141,0.398310196,0.401151204
0.156,0.474627377,0.394350845,0.398714531,0.376358249,0.371219402,0.50109996
0.007,0.090474848,0.091699185,0.060315182,0.065283393,0.008299001,0.046076459
0.18,0.241202218,0.3288869,0.215100406,0.23497456,0.278645948,0.20079675
0.64,0.535086798,0.563894009,0.584758538,0.50817587,0.638166636,0.579797046
0.278,0.370992475,0.32549809,0.28292369,0.311371804,0.279276425,0.322737072
0.617,0.50878422,0.521443138,0.560973607,0.495062951,0.528199606,0.420401677
0.519,0.467478655,0.571761353,0.34922565,0.408883116,0.407833296,0.441158607
0.368,0.365683707,0.424789795,0.30156996,0.349109211,0.336812775,0.466521356
0.235,0.280032838,0.257728505,0.24946413,0.287844168,0.235375596,0.255365136
0.11,0.166292991,0.171128365,0.135198194,0.160542577,0.110693491,0.141686123
0.337,0.400708858,0.275988251,0.33991326,0.298845692,0.346994492,0.251134916
0.222,0.298671079,0.270823902,0.315820871,0.346303151,0.335791362,0.25066879
0.345,0.392104095,0.324569182,0.353771565,0.37619795,0.355749851,0.397965184
0.265,0.275104984,0.330204468,0.283603101,0.30737214,0.265569482,0.267881032
0.112,0.0961078,0.173702324,0.127954244,0.157114608,0.11200546,0.140730475
0.022,0.04076939,0.097288272,0.079407963,0.040266846,0.022748306,0.064699798
0.208,0.166727129,0.152509441,0.225029306,0.278278732,0.255263204,0.137498257
0.46,0.438430421,0.423170803,0.462158472,0.47537042,0.460148783,0.455021643
0.732,0.694055833,0.679641217,0.688508718,0.597506751,0.731510856,0.690131071
0.774,0.59943426,0.525251972,0.5716994,0.588863687,0.585559115,0.5588901
0.237,0.317838437,0.400728502,0.32102247,0.419064368,0.272672321,0.413927672
0.21,0.29486882,0.249860046,0.223119264,0.251518066,0.214296884,0.245894186
0.034,0.313921971,0.374211172,0.171417844,0.174984208,0.235273926,0.189898054
0.405,0.457889281,0.407937078,0.416496496,0.4302136,0.405818742,0.446139327
0.032,0.089843441,0.10628198,0.067861521,0.124308776,0.032855877,0.084222313
0.253,0.287238717,0.308065503,0.178143535,0.183265805,0.22434416,0.279103755
0.222,0.256268223,0.249566813,0.228908225,0.231469782,0.222058997,0.236841912
0.633,0.363013696,0.412405949,0.354457081,0.309569965,0.36315274,0.374675182
0.402,0.387484038,0.381503236,0.344472907,0.367434131,0.401644237,0.398229487
0.541,0.618069777,0.478402073,0.594804931,0.4699329,0.50180508,0.575450208
0.528,0.530567929,0.519917538,0.515876926,0.547207167,0.528718155,0.524747408
0.212,0.204126162,0.328602025,0.366646146,0.365913314,0.354361382,0.418739765
0.189,0.317024329,0.276063084,0.246350875,0.290220546,0.285969006,0.278558365
0.35,0.475065859,0.425963723,0.373027996,0.386631967,0.352576105,0.39543829
0.473,0.523299225,0.473699043,0.475894886,0.468494659,0.472016561,0.444532624
0.201,0.24614666,0.220363926,0.21232096,0.225422613,0.202131986,0.2086567
0.461,0.433441758,0.44834193,0.445552859,0.453562606,0.462960086,0.429113757
0.702,0.629326034,0.609345851,0.668524031,0.572633486,0.701372323,0.679861587
0.34,0.315311948,0.341259875,0.339083994,0.338880085,0.339840485,0.320808716
0.514,0.531280935,0.474858359,0.525496961,0.528620766,0.514629897,0.511111916
0.324,0.299898376,0.328980915,0.303100601,0.334660864,0.325263803,0.301652285
0.356,0.362345158,0.365848794,0.347918645,0.357798805,0.356079767,0.341422525
0.875,0.763419338,0.765519511,0.803464867,0.637841422,0.873545991,0.811053172
0.121,0.337921003,0.294429503,0.5101236,0.412439111,0.494681941,0.360393974
0.394,0.359462249,0.364506116,0.355179796,0.383157772,0.392565235,0.368559534
0.988,0.926025625,0.859865282,0.935109556,0.756835267,0.986802125,0.935956154
0.151,0.716788806,0.644501967,0.40035147,0.475966062,0.405485227,0.562047989
0.164,0.376070773,0.449293502,0.286421848,0.321498345,0.316751074,0.380846529
0.268,0.312308283,0.304727767,0.276971639,0.26130829,0.267897247,0.276084118
0.05,0.317858644,0.460551621,0.291511624,0.239052954,0.28435507,0.250724395
0.4,0.401109895,0.386850318,0.321178616,0.329888642,0.399183042,0.353912864
0.209,0.283968545,0.274887087,0.238210671,0.272868228,0.210094326,0.242651285
0.957,0.832561839,0.815059867,0.908886714,0.818431545,0.956293771,0.9077961
0.14,0.294722246,0.320268249,0.35309364,0.322883908,0.360780932,0.382961816
0.524,0.49122691,0.518609222,0.516257957,0.514452849,0.524284281,0.57066681
0.154,0.244948283,0.253134394,0.189676626,0.242091468,0.153791752,0.20313862
0.433,0.425381912,0.416957229,0.402640525,0.361698166,0.431570448,0.416887394
0.917,0.7837574,0.7433988,0.843846111,0.73467572,0.898743292,0.860222278
0.272,0.273718056,0.318675864,0.270434777,0.275920564,0.271865339,0.284067169
0.145,0.174878002,0.19614945,0.158357349,0.180056676,0.145348827,0.15721067
0.894,0.837425467,0.607761195,0.751862697,0.735249816,0.779675706,0.640099159
0.549,0.552720862,0.517246692,0.565885814,0.576211329,0.549536067,0.571726014
0.947,0.834873386,0.803028379,0.886280501,0.770729564,0.945234453,0.814024653
0.53,0.475306122,0.508610342,0.510592913,0.510179519,0.529348811,0.518399141
0.334,0.217186611,0.323618593,0.498888868,0.444101432,0.357223038,0.291527757
0.878,0.671148853,0.43360669,0.612479066,0.611668518,0.508205273,0.701444087
0.153,0.182323407,0.213277688,0.180038699,0.161414702,0.153187132,0.170200806
0.261,0.296762461,0.324338633,0.268741129,0.279146761,0.261184503,0.265988937
0.011,0.146896542,0.201117209,0.051223131,0.067315584,0.011937887,0.158185951
0.113,0.197372881,0.21409562,0.177498592,0.172210325,0.162284255,0.209410434
0.449,0.370156148,0.394544793,0.371250762,0.3702148,0.446071548,0.42014466
0.228,0.284440875,0.26225865,0.239059494,0.259761328,0.228921013,0.225698537
0.212,0.211811954,0.256386524,0.205234797,0.20566237,0.210990601,0.21257787
0.333,0.332385465,0.415165123,0.442536912,0.399811546,0.422877031,0.31173005
0.198,0.240889741,0.240622359,0.209121335,0.219234966,0.197751876,0.204629931
0.527,0.376602381,0.330322606,0.398164301,0.452454743,0.425210293,0.412493632
0.352,0.256301929,0.231569185,0.261844524,0.248712599,0.250859485,0.289667889
0.897,0.797144841,0.753996007,0.857343804,0.824293952,0.896562668,0.847466271
0.244,0.251695361,0.266333768,0.251681581,0.231969949,0.244452327,0.246737454
0.073,0.115190832,0.11726433,0.109367143,0.092509049,0.073660022,0.103477223
0.177,0.186759234,0.220574301,0.200326067,0.147978607,0.176545632,0.194830271
0.32,0.291803001,0.309232877,0.303155993,0.30884429,0.317749509,0.278227894
0.325,0.37861407,0.387435752,0.366950284,0.305309972,0.32099521,0.299093698
0.368,0.350746885,0.393552984,0.375232488,0.382157031,0.367911454,0.371551785
0.515,0.526092416,0.48086711,0.513850559,0.521698487,0.518649956,0.515590037
0.416,0.466023767,0.429749426,0.422457644,0.483158611,0.416723412,0.44334406
0.061,0.116229895,0.169263246,0.081137448,0.111960844,0.063953549,0.094385212
0.492,0.460148156,0.44001196,0.482913125,0.462417821,0.491820138,0.483128446
0.632,0.531076914,0.533889731,0.59465119,0.502367203,0.629942495,0.580356325
0.358,0.548977863,0.434773438,0.511334218,0.453042136,0.581340799,0.58419726
0.14,0.162986278,0.207512053,0.151955178,0.15225933,0.140306885,0.151500933
0.232,0.287183865,0.272398835,0.243173052,0.285992536,0.23186283,0.265052476
0.453,0.54221222,0.48969019,0.458333617,0.451601057,0.452696295,0.481874947
0.124,0.158860357,0.193126701,0.139723672,0.170583616,0.124041147,0.146566458
0.343,0.341712759,0.365410906,0.344122041,0.332980632,0.342665539,0.348854157
0.678,0.604293333,0.594793301,0.655930758,0.648883035,0.677861281,0.667618731
0.076,0.217603038,0.239453286,0.195062937,0.221678766,0.263820012,0.250410939
0.399,0.399477048,0.408044746,0.350301126,0.397364569,0.398999019,0.439331371
0.271,0.266871046,0.31615774,0.235913092,0.288515684,0.300938317,0.274682499
0.644,0.595163314,0.599248134,0.582518714,0.611879827,0.643749267,0.62988648
0.35,0.351002815,0.35419212,0.353393885,0.35345631,0.349013197,0.334760163
0.135,0.146576929,0.200360418,0.180475254,0.215796325,0.135284823,0.197664311
0.085,0.10579402,0.205127494,0.161693102,0.209018703,0.087862961,0.163140458
0.49,0.495908357,0.460885741,0.491119688,0.497455956,0.490566248,0.487807732
0.042,0.303965895,0.40481532,0.298838603,0.256772196,0.247797225,0.195050238
0.581,0.6256951,0.576535342,0.584785778,0.601531451,0.581915257,0.59520368
0.956,0.863696806,0.796435576,0.878760841,0.783087023,0.954704436,0.849036727
0.547,0.63207376,0.592437651,0.569529681,0.550184816,0.5381572,0.617368849
0.222,0.429102188,0.447422683,0.293561974,0.391673102,0.358163956,0.336837694
0.311,0.422300055,0.26749199,0.247550991,0.174242394,0.337892138,0.28386564
0.437,0.542807121,0.386910226,0.408824166,0.484565579,0.473072907,0.62606413
0.269,0.349152721,0.271393783,0.287689963,0.292356852,0.268350956,0.302413924
0.197,0.218860236,0.242801174,0.206967141,0.193447028,0.196945658,0.216919578
0.382,0.334108504,0.325988563,0.327703665,0.326042555,0.397142155,0.305582125
0.017,0.31276673,0.409970749,0.15564809,0.165774246,0.176687418,0.193438421
0.051,0.113191698,0.15772196,0.118459489,0.095919081,0.05191548,0.081656842
0.511,0.456791973,0.478604592,0.475167986,0.398234528,0.463118618,0.209718742
0.542,0.545406813,0.527364483,0.542649913,0.573343247,0.54192686,0.532312759
0.49,0.634095609,0.491914883,0.522516216,0.463635709,0.546336958,0.610706077
0.265,0.283653417,0.285495285,0.279354009,0.309446214,0.26503854,0.264325936
0.853,0.745475933,0.721077498,0.781324998,0.652371278,0.846136078,0.814352553
0.794,0.744741518,0.707670078,0.776006278,0.758704325,0.793828402,0.773836337
0.159,0.220325357,0.24576669,0.178690596,0.2239699,0.159655213,0.188822874
0.852,0.675210621,0.748513006,0.799651027,0.658058643,0.845306987,0.800093547
0.038,0.234573126,0.205041056,0.201859387,0.172326942,0.207704642,0.231307155
0.853,0.308228669,0.366606197,0.334649289,0.439244055,0.430586846,0.316415571
0.703,0.611262506,0.589526106,0.68053662,0.627099116,0.702862991,0.662895981
0.39,0.364802993,0.395869463,0.388042761,0.387843552,0.389844547,0.398406159
0.806,0.433115995,0.517949289,0.425860294,0.451220695,0.437725857,0.422007251
0.567,0.443959771,0.493462017,0.579486836,0.576354131,0.56801561,0.49896271
0.31,0.30246512,0.295724619,0.259177229,0.343181921,0.309211056,0.274156271
0.397,0.369520633,0.40013345,0.408617016,0.363510701,0.396750168,0.358069459
0.732,0.73390591,0.730306298,0.722820067,0.725090933,0.733422584,0.727622614
0.299,0.315479541,0.38466305,0.211266691,0.219793745,0.224081576,0.391631825
0.324,0.33471896,0.312826712,0.288860403,0.324273173,0.323413254,0.30466277
0.49,0.483474528,0.473749258,0.491442456,0.496926562,0.489651186,0.485835027
0.206,0.194704254,0.215929059,0.172056064,0.163091453,0.205553708,0.208478422
0.246,0.256797668,0.301070942,0.228315678,0.244378436,0.246644686,0.251002715
0.598,0.516323492,0.558438372,0.588835059,0.590732392,0.597113497,0.575183483
0.424,0.377055965,0.442619316,0.42151106,0.413949434,0.424339294,0.398382545
0.808,0.697330981,0.726024538,0.775108358,0.724071749,0.807616431,0.765400376
0.469,0.40192874,0.381554822,0.317265386,0.348697003,0.298713918,0.401181465
0.152,0.190233199,0.269679528,0.233157168,0.255174661,0.298421378,0.268011373
0.055,0.126762459,0.12776292,0.106667377,0.115934253,0.056409007,0.101221375
0.091,0.28718791,0.273067478,0.347787964,0.372915328,0.3497224,0.451300644
0.442,0.432695966,0.328660147,0.431526377,0.359379971,0.454918578,0.356268273
0.256,0.248375851,0.284591426,0.250891399,0.245447943,0.25610111,0.252930515
0.627,0.412000701,0.404307114,0.447809819,0.449953109,0.510242132,0.470123493
0.127,0.136783619,0.191388974,0.132903952,0.116754644,0.126810159,0.152043551
0.346,0.381040419,0.369545938,0.32522737,0.346835059,0.34570779,0.357121644
0.85,0.778693318,0.761381611,0.802862322,0.764033403,0.849675065,0.821660779
0.089,0.149808217,0.15068906,0.114559846,0.144978693,0.090545818,0.110426869
0.312,0.328880513,0.341482976,0.32115346,0.331418024,0.312306724,0.301372095
0.766,0.705179898,0.686210304,0.737514558,0.641582121,0.763534154,0.718179379
0.142,0.077354693,0.216588559,0.168060856,0.215808908,0.186066973,0.270086098
0.134,0.182844266,0.191965796,0.149713939,0.174256505,0.134122227,0.161747969
0.089,0.176618664,0.146650243,0.120730081,0.131708587,0.090377632,0.136649332
0.721,0.685036799,0.6785507,0.717714271,0.677668396,0.720320568,0.709902735
0.082,0.138882363,0.183709289,0.111916621,0.121146348,0.082105569,0.138200866
0.975,0.838968821,0.838433493,0.897367876,0.73784711,0.97406082,0.935929185
0.081,0.183013113,0.190181035,0.117197874,0.197797938,0.082010406,0.110316063
0.165,0.164981659,0.176504514,0.175681678,0.160795652,0.16484585,0.158371574
0.516,0.535056597,0.478842776,0.305780641,0.319966319,0.348306288,0.286188437
0.385,0.374464037,0.387400283,0.434485887,0.376197598,0.390629344,0.352209341
0.748,0.703660967,0.644284185,0.706336909,0.663366417,0.74577056,0.698663234
0.657,0.495321738,0.510868495,0.435073568,0.440708047,0.452268684,0.57303689
0.62,0.613738472,0.588396452,0.623371299,0.632138354,0.621197978,0.622108439
0.448,0.365526861,0.424390716,0.399983525,0.40192583,0.446910919,0.423481531
0.244,0.266959993,0.270029601,0.249572987,0.264116509,0.244483864,0.248388722
0.803,0.745446127,0.69420974,0.766777733,0.714339521,0.801449042,0.723599858
0.276,0.305296819,0.326412308,0.280154059,0.297033025,0.277592153,0.292808841
0.447,0.510363491,0.500149813,0.529712152,0.589056107,0.5670793,0.440147607
0.546,0.628188372,0.495560043,0.580676097,0.557265256,0.551513712,0.560209283
0.251,0.315123749,0.379818553,0.504406032,0.423525044,0.344424451,0.319266921
0.189,0.233822555,0.223694898,0.203960322,0.212672077,0.19056196,0.201651079
0.505,0.429399556,0.471300282,0.460750969,0.331421434,0.503261716,0.437366162
0.376,0.51642121,0.439274468,0.402871016,0.493668735,0.380225941,0.431286758
0.755,0.649425734,0.543001698,0.519318778,0.520999061,0.532223811,0.521265069
0.153,0.490872683,0.45900807,0.409664868,0.373945891,0.279705324,0.373745529
0.459,0.284198864,0.439537998,0.420619421,0.422781873,0.4698043,0.35339152
0.353,0.360403624,0.326744804,0.346562934,0.377735389,0.352008136,0.319842317
0.437,0.474726217,0.452879703,0.486299557,0.513176951,0.440227346,0.465544009
0.317,0.359424979,0.32500123,0.283403213,0.282426998,0.31694326,0.31024026
0.59,0.5925925,0.431330075,0.625944961,0.642216668,0.604575153,0.521617169
0.243,0.142367515,0.254922997,0.201729698,0.205283551,0.165737137,0.307644557
0.322,0.340588966,0.327929577,0.307914849,0.320024615,0.321745778,0.317673895
0.366,0.579786543,0.610781666,0.385038792,0.415665336,0.460133024,0.515917997
0.282,0.222093353,0.308038473,0.214872244,0.24012048,0.280384558,0.212311609
0.675,0.48010153,0.651035236,0.386438201,0.408323001,0.420646364,0.723708768
0.108,0.214292561,0.180170937,0.15478602,0.278215644,0.115258406,0.147291412
0.425,0.412777001,0.477055017,0.356611741,0.307858175,0.323509646,0.354945664
0.119,0.169177514,0.184598602,0.136109751,0.161753664,0.119271977,0.148076413
0.293,0.298656863,0.306990443,0.284955441,0.325178625,0.293145907,0.280184251
0.47,0.47324837,0.491690068,0.468047302,0.476138588,0.47023228,0.48111253
0.119,0.15257163,0.172842382,0.130071539,0.142136521,0.119544383,0.141880532
0.988,0.904570311,0.890210997,0.936713323,0.879233008,0.985663114,0.945461145
0.571,0.475959275,0.412641102,0.542809895,0.53121131,0.511873215,0.500455863
0.293,0.335894027,0.326321853,0.295370114,0.320708349,0.293306318,0.296358875
0.503,0.540419566,0.486683073,0.567607093,0.550759727,0.518387257,0.412582754
0.305,0.394958885,0.35347835,0.384606197,0.328904759,0.346412299,0.398792244
0.509,0.446514079,0.470280718,0.494394812,0.472499631,0.50831781,0.485907919
0.196,0.265541552,0.252090191,0.195745065,0.215958609,0.194390234,0.217814491
0.501,0.291065837,0.321885813,0.392507061,0.390533406,0.385196042,0.335165253
0.091,0.150252745,0.163777223,0.118868125,0.125664836,0.092740216,0.128152172
0.769,0.417308168,0.513877515,0.482091082,0.445769002,0.451117708,0.344006471
0.624,0.536280738,0.55269964,0.607368037,0.556036247,0.624217199,0.582608584
0.412,0.390087515,0.377575073,0.407091764,0.363827253,0.411635133,0.389438396
0.62,0.626979539,0.560176237,0.631006631,0.644776181,0.636782858,0.591489104
0.789,0.645038864,0.695989784,0.709400125,0.638962861,0.787632171,0.724881903
0.534,0.610717105,0.553539995,0.522863999,0.542568843,0.533665097,0.541603023
0.911,0.670591462,0.476010511,0.54544476,0.472930571,0.451865187,0.566687682
0.459,0.417811789,0.440596506,0.410894564,0.419930043,0.457845574,0.416867902
0.114,0.177849685,0.178375859,0.164118824,0.186343455,0.113886769,0.134515727
0.373,0.345631801,0.379175408,0.365754143,0.329988612,0.363795945,0.395280243
0.017,0.078017715,0.112643779,0.076716223,0.156241281,0.017371854,0.057830238
0.182,0.248070023,0.236625439,0.215032367,0.303587545,0.182124422,0.223651877
0.489,0.483685067,0.467086291,0.472440222,0.472427952,0.48891643,0.506919063
0.652,0.530525537,0.548448579,0.633479541,0.560896574,0.651040236,0.592259971
0.669,0.666956084,0.663243372,0.69892937,0.749293362,0.669913461,0.658991801
0.394,0.368264129,0.381157404,0.412212675,0.402394168,0.393882549,0.395347205
0.491,0.484958336,0.489450973,0.486985234,0.477318017,0.491378785,0.459981802
0.477,0.44071731,0.443406416,0.468345694,0.444114355,0.476455347,0.45529983
0.542,0.540981662,0.523657462,0.524750321,0.519232144,0.541765809,0.533677023
0.109,0.161974502,0.159544016,0.129210572,0.137998853,0.109449075,0.12544409
0.175,0.26277272,0.232044796,0.276165333,0.270250422,0.329427864,0.28648393
0.127,0.152088908,0.166266558,0.145271547,0.142176686,0.127781398,0.108915008
0.08,0.271783853,0.244837723,0.231951359,0.198774767,0.318831041,0.325669792
0.668,0.518581791,0.578163158,0.634380396,0.618353046,0.667978317,0.592413239
0.878,0.539818047,0.426036468,0.594289345,0.550379135,0.584272952,0.438385167
0.959,0.880121734,0.847618848,0.910062101,0.866288505,0.952401206,0.900311245
0.54,0.474483045,0.497072991,0.526727944,0.522027806,0.539451006,0.521827309
0.505,0.472054975,0.479603194,0.499307943,0.490860749,0.504592683,0.488632739
0.547,0.525477711,0.496035436,0.534726326,0.540764443,0.543181471,0.546821235
0.103,0.150379298,0.159699987,0.127183923,0.110146259,0.103107179,0.156594617
0.052,0.093114682,0.097797949,0.088046721,0.100571156,0.05284824,0.071811913
0.372,0.291641536,0.378966695,0.342018664,0.334411595,0.36784771,0.351227113
0.217,0.269706674,0.284755384,0.239354421,0.210287105,0.21660138,0.296812056
0.01,0.089821517,0.111670161,0.060105547,0.076846868,0.011291452,0.050472295
0.11,0.402941896,0.368048178,0.331080202,0.315365002,0.315432311,0.378176867
0.095,0.151685841,0.163537597,0.132460996,0.130413475,0.096030369,0.110163832
0.731,0.675467692,0.643220009,0.70360111,0.69425063,0.731120254,0.698467098
0.322,0.464783805,0.410055889,0.354161929,0.422243537,0.324332444,0.380424457
0.498,0.339309869,0.243815377,0.402294108,0.453101666,0.37424075,0.307830554
0.872,0.737389565,0.798007341,0.673068791,0.615005733,0.678049689,0.648439603
0.508,0.472164188,0.480173176,0.516470068,0.537199471,0.508277834,0.506394342
0.942,0.843867354,0.809992168,0.878009193,0.777544193,0.935847191,0.886190807
0.05,0.367991023,0.387950188,0.272764847,0.202734237,0.225580845,0.31919141
0.079,0.07745789,0.116235966,0.097332974,0.105864359,0.079310294,0.099215888
0.243,0.224738624,0.225261655,0.197086921,0.216959821,0.242193884,0.234211036
0.712,0.664894152,0.660112893,0.671251482,0.581876968,0.711496829,0.680042293
0.013,0.172959164,0.276983269,0.160431377,0.14630001,0.157533227,0.293054419
0.46,0.46785219,0.449939767,0.310234509,0.43255473,0.379972115,0.376892173
0.507,0.381680269,0.446124271,0.464414741,0.423087647,0.49329415,0.443532611
0.28,0.346652306,0.174482448,0.348682729,0.28645787,0.374284233,0.34668044
0.388,0.409246357,0.386798446,0.391442581,0.384258175,0.387647073,0.373436209
0.533,0.489899538,0.530488255,0.54085785,0.523017972,0.5313072,0.529851183
0.605,0.545256086,0.579362642,0.596004249,0.590622684,0.604534338,0.595045605
0.107,0.182431071,0.233664953,0.146549972,0.233918514,0.108407767,0.175248131
0.234,0.207142188,0.2267758,0.202651131,0.232144822,0.231816437,0.216823971
0.69,0.53662266,0.372601122,0.522448766,0.526567333,0.498336878,0.650662959
0.568,0.414441284,0.414716765,0.417436375,0.383186068,0.411986926,0.614080636
0.24,0.309506144,0.276731237,0.256161719,0.302872016,0.240987641,0.277192434
0.211,0.301465855,0.255889724,0.253628241,0.256997053,0.210940633,0.221860113
0.451,0.488353351,0.470924133,0.453102767,0.458334729,0.450942503,0.49070713
0.323,0.338330084,0.24667214,0.277886983,0.269423469,0.367915156,0.382857951
0.465,0.497170873,0.455352219,0.471143411,0.493327935,0.46464969,0.470775005
0.128,0.104317042,0.219189467,0.145740249,0.210527013,0.147047081,0.198463068
0.113,0.174011588,0.17702318,0.138714787,0.160064635,0.114437441,0.141001658
0.084,0.277606456,0.266310455,0.198816713,0.232477466,0.175476789,0.323413797
0.862,0.386796355,0.434699617,0.479476397,0.432566257,0.387718052,0.348988942
0.128,0.14669335,0.171151137,0.155785249,0.213311884,0.128569645,0.143087402
0.629,0.382583696,0.332043616,0.481590973,0.506621113,0.523570962,0.310689493
0.514,0.574198792,0.492199555,0.501698194,0.511765067,0.514263202,0.516453441
0.088,0.145806745,0.160753202,0.108563016,0.148546319,0.089162741,0.123443897
0.228,0.333141384,0.28687006,0.26091993,0.302896359,0.228725842,0.281803922
0.004,0.381963999,0.372351029,0.321990266,0.310749469,0.288291422,0.259629836
0.218,0.273257568,0.274000069,0.23995217,0.297888811,0.219135993,0.234127262
0.111,0.154538237,0.18395658,0.170359652,0.164074376,0.110892383,0.126040779
0.645,0.62684072,0.61336072,0.634444504,0.629263522,0.644780332,0.633592047
0.618,0.485535823,0.580779722,0.512466481,0.482652707,0.493997359,0.521998378
0.382,0.249964868,0.348591814,0.289745296,0.229030159,0.331806618,0.324680227
0.543,0.490577998,0.478559256,0.522473976,0.517964551,0.543661939,0.52953136
0.506,0.478802327,0.464668104,0.526413014,0.51497771,0.508351513,0.510691777
0.369,0.399024668,0.474739999,0.406840643,0.429060631,0.355195027,0.467123833
0.208,0.312991671,0.187433639,0.267781698,0.21696799,0.303666889,0.283457548
0.151,0.434628943,0.326206962,0.321928441,0.230910766,0.250149321,0.273600405
0.619,0.530202778,0.559683502,0.595560815,0.589945429,0.618626214,0.568051224
0.119,0.15179182,0.170448241,0.158201501,0.130245231,0.119466563,0.154167715
0.74,0.742971823,0.692242993,0.728058336,0.768210653,0.7423185,0.725387909
0.386,0.381117065,0.402673667,0.35828445,0.35565058,0.385830949,0.409649138
0.724,0.514999781,0.457197426,0.415606335,0.476980994,0.410499523,0.607197474
0.287,0.282513994,0.284514718,0.286591742,0.340603675,0.287180987,0.268327188
0.302,0.373518148,0.359373324,0.327602366,0.321997647,0.302358737,0.336537867
0.163,0.312516931,0.220118843,0.203843853,0.27930565,0.170649908,0.221376256
0.313,0.344392083,0.301507304,0.302067671,0.313107125,0.313282007,0.307549626
0.283,0.324637846,0.310652961,0.298369715,0.354663388,0.285202899,0.30805548
0.519,0.481515327,0.525802832,0.521958695,0.463417923,0.518932952,0.481661521
0.298,0.203713554,0.228933529,0.279541634,0.278686606,0.306245412,0.302033374
0.573,0.624502053,0.536263598,0.557188612,0.636350186,0.573262043,0.631113489
0.065,0.328798134,0.261937959,0.236211377,0.22205407,0.314725017,0.342131576
0.618,0.572458422,0.548544422,0.582730983,0.548720928,0.617557476,0.585539388
0.489,0.466322402,0.476177378,0.492526104,0.49657925,0.489046536,0.463923507
0.862,0.628245758,0.508510761,0.596283097,0.574832664,0.581108756,0.499962404
0.257,0.231478157,0.260764679,0.256140642,0.231876817,0.257118345,0.242976357
0.665,0.731938759,0.648121973,0.737708458,0.735291153,0.724934028,0.614966189
0.141,0.184023796,0.20865882,0.185253512,0.220518844,0.141748564,0.20796674
0.03,0.070818619,0.086240842,0.063180947,0.095767485,0.031331907,0.06391929
0.244,0.237039598,0.288818903,0.262786007,0.30221643,0.244532709,0.248622843
0.642,0.588305015,0.568479953,0.607228224,0.559399673,0.640487486,0.594385485
0.241,0.245019532,0.253750245,0.185631434,0.205473248,0.2417745,0.238921653
0.085,0.274036607,0.279032499,0.247237443,0.330469454,0.248303577,0.231117731
0.149,0.221609519,0.201660815,0.154766996,0.162915914,0.149320533,0.185086869
0.408,0.372573188,0.46008389,0.266809199,0.27559337,0.264272081,0.363942964
0.582,0.525638677,0.559281243,0.543766569,0.568192112,0.582104512,0.584924467
0.643,0.620780947,0.603883177,0.633349339,0.600170385,0.642205227,0.622345476
0.336,0.282098255,0.257896855,0.337506314,0.363803376,0.381277306,0.317991993
0.846,0.826487649,0.787384994,0.796705052,0.765709868,0.844265338,0.8360539
0.003,0.1539626,0.22495259,0.178966557,0.201150813,0.212406146,0.207011173
0.262,0.335981847,0.229258725,0.356167627,0.333465983,0.29842814,0.311421404
0.297,0.29290295,0.437476094,0.32287697,0.388031158,0.308511638,0.34204603
0.541,0.526854344,0.527703408,0.524094635,0.48638092,0.536893381,0.530143691
0.555,0.505684456,0.481300868,0.532388287,0.50709675,0.553640781,0.500357824
0.002,0.044517064,0.097275319,0.061326218,0.076151012,0.002790988,0.052983398
0.018,0.084424992,0.133963005,0.071364465,0.067125079,0.018887608,0.08867932
0.428,0.24387735,0.409860664,0.239832609,0.223778918,0.226838965,0.22110116
0.427,0.310436982,0.217620823,0.2854309,0.309673193,0.163833682,0.201269786
0.498,0.536009075,0.518636897,0.494992987,0.483062293,0.49805712,0.502762899
0.049,0.107601031,0.116565934,0.104275362,0.103475922,0.049854351,0.106221777
0.091,0.400677337,0.346243063,0.389544086,0.33420334,0.382043,0.371059482
0.484,0.451616932,0.431947408,0.459844122,0.411066514,0.483555422,0.467280217
0.217,0.20901259,0.331218718,0.218946435,0.215772739,0.269736299,0.294194162
0.232,0.23661375,0.271240259,0.230071362,0.253965369,0.233210735,0.240977831
0.327,0.329507774,0.316120995,0.332445339,0.293787779,0.326300607,0.297780491
0.087,0.271011014,0.265870196,0.247279429,0.215676569,0.292404167,0.367934493
0.058,0.116653215,0.150812548,0.086442245,0.128891817,0.060152682,0.092451219
0.53,0.315280485,0.270708453,0.472598378,0.539552098,0.52936482,0.296313588
0.334,0.280854674,0.364063574,0.335168038,0.35612052,0.334603352,0.328992712
0.806,0.67333753,0.685803253,0.758515097,0.700734073,0.80476382,0.782919852
0.143,0.150353602,0.221570694,0.166611941,0.170363046,0.143649601,0.152597195
0.072,0.131191582,0.119242994,0.09200027,0.095081571,0.073369856,0.090601028
0.153,0.245306231,0.335343659,0.182260704,0.158237924,0.108025777,0.20709432
0.047,0.170958537,0.097173535,0.080233899,0.096756705,0.047908792,0.097867355
0.366,0.358016667,0.384059824,0.379397088,0.381076647,0.366511201,0.398932338
0.844,0.733335666,0.731843311,0.78098531,0.699247582,0.843396334,0.775443995
0.487,0.462461827,0.474772343,0.485859978,0.46660044,0.486904118,0.476552039
0.665,0.660822205,0.63811994,0.653938504,0.646948504,0.666780225,0.697807202
0.802,0.456734043,0.411324285,0.260686594,0.391232022,0.429890894,0.442255093
0.191,0.280408198,0.348946282,0.355777555,0.385874573,0.27766538,0.289615385
0.345,0.346344606,0.277293796,0.352691002,0.297238516,0.404754778,0.289352265
0.059,0.124401593,0.119499381,0.14693204,0.229953367,0.0639826,0.081222625
0.357,0.337248782,0.376407221,0.230436953,0.292409138,0.293443705,0.485418703
0.548,0.580827568,0.496839937,0.546143491,0.519999112,0.547295575,0.548977801
0.133,0.411176376,0.298148985,0.377444353,0.29639075,0.390799647,0.334602672
0.027,0.299012717,0.278268902,0.337389735,0.386541963,0.295304442,0.335847032
0.166,0.283512417,0.273140011,0.195505108,0.256607688,0.166380337,0.208869228
0.855,0.862558797,0.770375315,0.843921488,0.842716873,0.857171169,0.873490145
0.335,0.30605225,0.338699536,0.245877775,0.288494415,0.331495203,0.314615351
0.45,0.354865634,0.405647714,0.370071423,0.381980103,0.368514495,0.344039125
0.369,0.316252105,0.352982162,0.245051732,0.256436995,0.337689793,0.364891351
0.183,0.274503798,0.333286141,0.222347874,0.221101982,0.245699564,0.296968345
0.17,0.152388473,0.208025443,0.184834916,0.186124666,0.170462331,0.183731331
0.235,0.447605897,0.414812216,0.339684965,0.325855039,0.409335515,0.368259722
0.536,0.517140793,0.52959873,0.336893407,0.359521055,0.405447324,0.472577298
0.898,0.424606796,0.169011207,0.286493865,0.303015013,0.327385332,0.31683095
0.139,0.194333876,0.185006027,0.163924943,0.219477761,0.139744137,0.164673295
0.151,0.133298807,0.164089145,0.154697801,0.15205899,0.151098999,0.151078635
0.199,0.189746143,0.291115548,0.148488282,0.121837408,0.170628622,0.288549876
0.86,0.746803448,0.763282903,0.822741514,0.713665223,0.857993461,0.776200822
0.021,0.067251581,0.112617095,0.09209332,0.120167427,0.021309083,0.077965838
0.414,0.444643021,0.435918059,0.42141517,0.447585833,0.413861524,0.476913909
0.136,0.222351135,0.27015673,0.332344021,0.408821388,0.38958742,0.324001736
0.609,0.59974304,0.569982741,0.59077993,0.569202952,0.604775994,0.5877418
0.33,0.37817837,0.352721818,0.333355946,0.35705461,0.331793826,0.347285572
0.547,0.438867982,0.516113816,0.49734992,0.439397716,0.54341927,0.504013555
0.245,0.256698499,0.271615105,0.256250457,0.230623211,0.246397465,0.262220119
0.43,0.45593252,0.45209508,0.429477284,0.453468407,0.430226734,0.429703709
0.133,0.148284196,0.190882646,0.153150704,0.155913168,0.133565366,0.150655645
0.207,0.254371857,0.275962386,0.218728985,0.227999526,0.207901246,0.214719378
0.432,0.367694226,0.427171342,0.436032721,0.477098425,0.417464062,0.467267915
0.156,0.202858355,0.192397752,0.181793777,0.185436366,0.157443292,0.168210614
0.227,0.329829143,0.286619254,0.253869284,0.31193381,0.227516003,0.249454066
0.053,0.14495272,0.131189207,0.111232253,0.09750163,0.054017494,0.095275072
0.105,0.173845632,0.191012961,0.121090918,0.158853584,0.106547914,0.125622491
0.27,0.40612299,0.316643106,0.485966797,0.508284522,0.422284745,0.369543133
0.323,0.374661886,0.412200915,0.330312969,0.362586177,0.380548003,0.381716817
0.115,0.365056756,0.390347643,0.413311736,0.221294471,0.366856547,0.413709656
0.692,0.644971894,0.629413474,0.669686425,0.656903102,0.690506808,0.671921154
0.937,0.826190397,0.828704901,0.894328598,0.725981105,0.935124138,0.887099866
0.646,0.420133563,0.374548279,0.425863753,0.430283655,0.476694181,0.306800774
0.351,0.395012107,0.358580681,0.35605584,0.357720712,0.351273881,0.377054765
0.055,0.108007461,0.111737958,0.109251713,0.114807498,0.056116586,0.10356007
0.517,0.484315543,0.386064323,0.504416173,0.523272726,0.493039513,0.336123222
0.41,0.490900444,0.451553321,0.457523176,0.472089703,0.410275927,0.438074044
0.439,0.404035892,0.470203792,0.323941746,0.27871391,0.291829815,0.403239428
0.224,0.236736078,0.330245335,0.285077831,0.393567346,0.398492547,0.232125971
0.06,0.157184012,0.133759219,0.110098013,0.116578994,0.059984321,0.102246312
0.147,0.244520778,0.204127224,0.190159012,0.206713166,0.148898294,0.195089301
0.01,0.399386111,0.447690282,0.325923058,0.311440622,0.251185067,0.349200351
0.362,0.433299655,0.408119795,0.428731625,0.503663345,0.364299329,0.379776478
0.385,0.452384988,0.41061918,0.388932041,0.406853975,0.385600709,0.388438599
0.419,0.366793735,0.358107407,0.370765829,0.347130761,0.418883216,0.356010847
0.543,0.418433031,0.478573836,0.494179985,0.41151106,0.538246905,0.513757329
0.141,0.480572864,0.489305509,0.408826601,0.408995173,0.424303154,0.479921537
0.049,0.247917257,0.405074039,0.260964662,0.234581542,0.32548194,0.295864766
0.74,0.385311194,0.251750601,0.170996691,0.182409557,0.305369777,0.299201946
0.615,0.581600366,0.581663746,0.606434317,0.627135441,0.615836164,0.563657258
0.163,0.121815951,0.186280983,0.168176879,0.19698761,0.162981747,0.157148637
0.182,0.319104296,0.335520802,0.265855526,0.175372531,0.222094872,0.455691569
0.785,0.630709825,0.670224367,0.478248332,0.463253884,0.479741628,0.356301344
0.944,0.931006912,0.651365863,0.844335301,0.767579515,0.749259504,0.66134348
0.918,0.825946659,0.774104752,0.877723744,0.857865328,0.917911982,0.887705378
0.343,0.336128225,0.349680212,0.346177326,0.383751892,0.343068737,0.34576187
0.945,0.866953392,0.852343611,0.885507043,0.858404215,0.943543907,0.893878231
0.382,0.490513045,0.416556473,0.331740021,0.280241941,0.450477121,0.617543463
0.482,0.465458659,0.426882701,0.480240995,0.465816677,0.482145564,0.485711707
0.46,0.679000918,0.606720481,0.593946055,0.510891528,0.553064373,0.510685106
0.467,0.476160143,0.493502339,0.470012148,0.472414703,0.46753306,0.508043428
0.427,0.405307472,0.413996784,0.358784847,0.368512487,0.425504806,0.421215541
0.943,0.864110317,0.853033323,0.899499377,0.902677925,0.943278382,0.888236081
0.336,0.274826466,0.321251079,0.321388999,0.316767783,0.335433388,0.311887961
0.098,0.15131623,0.155569004,0.134761369,0.142817722,0.098336967,0.115209454
0.193,0.234825672,0.224302844,0.209321868,0.27538698,0.195211388,0.186707258
0.356,0.324765993,0.330433185,0.283913459,0.35878728,0.355360121,0.324092013
0.06,0.429805579,0.422646624,0.461163479,0.429437167,0.372082069,0.33599583
0.084,0.148031712,0.174379019,0.103294355,0.107541653,0.08347372,0.097653549
0.465,0.461707085,0.417268902,0.187431023,0.288321509,0.32944776,0.390166336
0.144,0.141311615,0.195647806,0.144319672,0.146825641,0.143446478,0.152867031
0.344,0.363265694,0.347746234,0.340264793,0.341942783,0.343608791,0.330406436
0.325,0.341218974,0.372867226,0.363669215,0.424334029,0.327296946,0.364320674
0.709,0.650870578,0.658523178,0.6637699,0.645154241,0.708913299,0.678007965
0.452,0.432358045,0.412967473,0.396574149,0.431253298,0.44806233,0.426085941
0.21,0.395225339,0.443643061,0.410249776,0.384733679,0.416580585,0.506724927
0.332,0.312247016,0.312494424,0.303308095,0.297039967,0.33107173,0.335426919
0.105,0.290613302,0.32416404,0.322518119,0.297911167,0.298686381,0.26425347
0.448,0.418408221,0.449813994,0.449295998,0.432653851,0.448282865,0.441525406
0.415,0.35484481,0.45407041,0.36457421,0.396584911,0.403516023,0.324110434
0.225,0.216586879,0.265722021,0.248030283,0.215133357,0.224817757,0.236512185
0.246,0.202233123,0.268998893,0.251677663,0.280364538,0.246533119,0.249041224
0.223,0.380362093,0.280480044,0.266761074,0.305148123,0.351316669,0.195428847
0.767,0.354142348,0.304764616,0.347735374,0.400669238,0.394606896,0.31107433
0.501,0.444816267,0.458164757,0.477280169,0.45587285,0.500917403,0.460692704
0.188,0.251947619,0.279434174,0.211499455,0.283095349,0.189541281,0.20317266
0.277,0.228022534,0.235090558,0.230552629,0.212129159,0.209160934,0.342030398
0.516,0.517097913,0.483886091,0.493045409,0.460603022,0.516062811,0.491135514
0.204,0.243475229,0.24031056,0.216835187,0.243845303,0.205560777,0.226024404
0.348,0.397393047,0.376040959,0.368298314,0.328311258,0.349160407,0.371189869
0.581,0.56983134,0.576668167,0.568574618,0.568858913,0.580243707,0.569937366
0.527,0.514137523,0.509748315,0.525076429,0.519661256,0.527435478,0.519833365
0.305,0.220458335,0.306459732,0.242610653,0.282664367,0.327042451,0.234704473
0.605,0.555047248,0.547639076,0.573142827,0.553074904,0.603882573,0.601803888
0.582,0.453929454,0.383494942,0.345035528,0.366099429,0.332847142,0.380739442
0.583,0.527440976,0.532366162,0.558767416,0.500905245,0.582833912,0.572230347
0.535,0.477719868,0.487811841,0.515304845,0.514878451,0.534862194,0.495773915
0.649,0.595741441,0.588204194,0.637708274,0.60551434,0.648707741,0.639351796
0.626,0.481928995,0.537473129,0.578743192,0.487534366,0.622701418,0.554327614
0.301,0.363241746,0.330730121,0.309272825,0.320609482,0.301659799,0.304020012
0.28,0.246130973,0.291529531,0.264063695,0.272532196,0.276770316,0.243366172
0.311,0.364639342,0.355644383,0.332557244,0.332846142,0.310969365,0.352923735
0.548,0.527567683,0.539460585,0.538030091,0.559045677,0.549407489,0.544008129
0.563,0.478925124,0.409821047,0.538479837,0.518228623,0.469351144,0.552421233
0.23,0.275804178,0.277588748,0.261987807,0.256268854,0.23043621,0.242807678
0.009,0.384261767,0.468616882,0.330772642,0.329712403,0.276568642,0.371260239
0.27,0.309024546,0.285433581,0.272735701,0.275011136,0.270778987,0.28205907
0.742,0.655014031,0.669116065,0.720665741,0.679546549,0.741590654,0.705418196
0.812,0.650754042,0.563404944,0.615539706,0.574442949,0.586127006,0.584761067
0.877,0.692230001,0.759304915,0.809963621,0.72677153,0.876344884,0.755774802
0.168,0.190906939,0.233533707,0.175076588,0.192056202,0.167423421,0.166256617
0.59,0.365250152,0.293891353,0.431702478,0.38477606,0.434237239,0.233714017
0.617,0.54034864,0.547151243,0.612791142,0.584396391,0.616774759,0.559131884
0.205,0.224807608,0.224512695,0.208503002,0.186147168,0.204876978,0.206369618
0.961,0.357660011,0.456489632,0.399729995,0.398305259,0.449069226,0.44010876
0.111,0.119758586,0.157275459,0.13567096,0.142148532,0.11105602,0.12292619
0.379,0.423470685,0.385908933,0.378818245,0.395846404,0.378735232,0.406475809
0.558,0.489669742,0.486932026,0.326506067,0.338049065,0.444864232,0.458377806
0.292,0.297527316,0.312946336,0.296537334,0.322460435,0.292043511,0.301101569
0.334,0.373354506,0.33880035,0.334937447,0.337333424,0.333705603,0.318934057
0.456,0.620269544,0.344034433,0.542427492,0.552669468,0.516491582,0.614165671
0.683,0.680364251,0.666163769,0.685098698,0.666963297,0.683114476,0.685048765
0.284,0.336244868,0.329652135,0.291638467,0.312074519,0.283888045,0.315990083
0.262,0.369416216,0.364438957,0.305608986,0.337247048,0.3356132,0.308527258
0.184,0.19114602,0.207148378,0.186603284,0.200127408,0.183997394,0.180369583
0.646,0.58957193,0.610468941,0.613910686,0.57065588,0.644965686,0.595779194
0.203,0.402751168,0.29184732,0.407113072,0.374669022,0.424489752,0.483392898
0.234,0.223990595,0.305547503,0.455830007,0.421953257,0.353708433,0.28507589
0.23,0.338752069,0.360436067,0.231682099,0.275008542,0.322770898,0.353319208
0.31,0.480678618,0.447210465,0.568930822,0.511798886,0.512625449,0.474747115
0.134,0.179513927,0.189833907,0.156365182,0.173000219,0.134404558,0.17721248
0.137,0.147974136,0.19877661,0.14834646,0.171670672,0.137016165,0.148143511
0.456,0.512793809,0.666602863,0.530864759,0.578584573,0.535692596,0.592605294
0.178,0.135268735,0.224748726,0.172486234,0.214894869,0.154957002,0.228256454
0.145,0.261339402,0.332896712,0.282270046,0.298345203,0.265456385,0.327942455
0.442,0.410557454,0.409135442,0.395332914,0.420591627,0.440113479,0.423255222
0.174,0.197413545,0.22437777,0.189020922,0.233250989,0.176142981,0.19188788
0.162,0.283706762,0.20869217,0.181507434,0.189447752,0.16247294,0.201494274
0.249,0.261756338,0.297095818,0.268660892,0.254050868,0.247995139,0.256000279
0.606,0.873368114,0.605392015,0.509447636,0.392188304,0.511867731,0.647737324
0.913,0.863734659,0.80781116,0.891638171,0.889082752,0.912165307,0.889736621
0.11,0.10289513,0.152252758,0.12009207,0.12261946,0.109581075,0.128106242
