GT,all parts,SPVAE,5040,10240,20000
0.395,0.460173148,0.468800819,0.422092806,0.504217451,0.367515859
0.645,0.64483257,0.63694072,0.646016154,0.642943609,0.63882638
0.446,0.446400219,0.450513073,0.437752597,0.449063314,0.447290771
0.384,0.435531435,0.392423735,0.386413909,0.392989627,0.387528481
0.381,0.381029409,0.381895274,0.393089751,0.384389349,0.386981193
0.489,0.489486014,0.492301723,0.522163367,0.489437222,0.498936422
0.2,0.200584749,0.212250522,0.243285268,0.204761661,0.207160003
0.508,0.508201927,0.503153462,0.509650104,0.501445226,0.502681734
0.577,0.464079111,0.515636473,0.558737921,0.496395357,0.527671976
0.365,0.365008665,0.365629197,0.379143573,0.36442951,0.360787204
0.469,0.46903122,0.468167168,0.493727542,0.474727821,0.475067154
0.378,0.378239398,0.381160987,0.383545779,0.3792198,0.384286269
0.404,0.403990567,0.402614668,0.411149921,0.400410333,0.397760665
0.515,0.475586272,0.448797222,0.482944051,0.488781937,0.454698386
0.595,0.555934577,0.527970603,0.59307534,0.560811654,0.589104127
0.56,0.560040566,0.559215873,0.541151231,0.555779441,0.556366716
0.359,0.346616396,0.338842208,0.333518642,0.35068932,0.337078996
0.53,0.538910029,0.516597416,0.536830528,0.54529442,0.542970419
0.495,0.494806104,0.497288986,0.505699433,0.495832244,0.499661226
0.292,0.31951419,0.361151061,0.376854346,0.353038283,0.381031267
0.513,0.512102344,0.504586365,0.47276599,0.501359634,0.492798567
0.534,0.533270474,0.523086783,0.50466793,0.526401473,0.516843053
0.645,0.644556327,0.631046232,0.649612913,0.644528954,0.643916827
0.381,0.400810734,0.402352596,0.406936863,0.398613493,0.398153476
0.463,0.463347746,0.464646953,0.491897944,0.467013721,0.465363326
0.477,0.476930276,0.475312128,0.467802018,0.473450615,0.465185393
0.46,0.459999757,0.458479352,0.464030682,0.460512406,0.470234981
0.414,0.414368455,0.418926865,0.433030119,0.418343826,0.422145776
0.346,0.346609187,0.351683749,0.354623368,0.349121537,0.348607857
0.497,0.497458457,0.504569898,0.539545045,0.502995739,0.508647472
0.424,0.424633543,0.425814622,0.456586676,0.430029018,0.433573021
0.306,0.306286078,0.314207239,0.319498353,0.308001389,0.307825482
0.363,0.362950857,0.360231579,0.359921175,0.362343094,0.362809378
0.418,0.418505237,0.419922116,0.434575006,0.419726714,0.424441613
0.412,0.404746627,0.415476908,0.419814344,0.37904376,0.399088619
0.408,0.413599291,0.399335113,0.383919095,0.367261678,0.38154917
0.196,0.196696103,0.208726146,0.234378136,0.19778659,0.208390422
0.402,0.402227576,0.404619853,0.405681473,0.403584486,0.407845035
0.477,0.477029191,0.470428032,0.477213129,0.473131455,0.475782391
0.284,0.284161852,0.286640624,0.299799569,0.287736624,0.290471734
0.375,0.46657377,0.466675792,0.439087326,0.432967688,0.455685405
0.507,0.454915293,0.432734544,0.477948123,0.460039344,0.417795012
0.284,0.284221521,0.295424911,0.323823404,0.29459199,0.300891663
0.586,0.585805354,0.576691777,0.573000348,0.580298668,0.580189873
0.465,0.46503654,0.467463416,0.47624705,0.468000095,0.466327652
0.366,0.390128862,0.383157176,0.394468711,0.398146852,0.407155398
0.381,0.380765504,0.38168084,0.380281365,0.385390707,0.378486658
0.331,0.403008289,0.357608327,0.531460498,0.511935856,0.501076203
0.342,0.342040923,0.347758467,0.358648495,0.350265289,0.351669201
0.358,0.413956343,0.394437579,0.401485394,0.401214284,0.404222865
0.512,0.49492883,0.523382261,0.487875313,0.508669263,0.516799519
0.66,0.65965308,0.653332544,0.622264058,0.653006537,0.642098976
0.587,0.586254263,0.57484752,0.571799456,0.587144993,0.585035598
0.539,0.538939382,0.536317366,0.544344638,0.539136324,0.53050505
0.33,0.329862721,0.329682073,0.318488579,0.324569504,0.32038145
0.408,0.407872094,0.408104471,0.424000657,0.405371347,0.411242381
0.369,0.479954041,0.423311675,0.496113111,0.456685081,0.462946372
0.271,0.331009364,0.344189768,0.324355455,0.32467436,0.319235477
0.464,0.464067594,0.465180416,0.45495121,0.459581509,0.458476162
0.396,0.405857794,0.455671665,0.448236434,0.421789447,0.40416657
0.507,0.497259592,0.497221124,0.56049796,0.539888008,0.505974803
0.458,0.418870368,0.36367902,0.430338691,0.408063649,0.445631636
0.357,0.35684902,0.357477754,0.326996218,0.345860421,0.334618024
0.489,0.488651785,0.48449602,0.463041044,0.481925369,0.481400624
0.535,0.534783851,0.532660415,0.510579976,0.528354824,0.527007421
0.467,0.430280446,0.49163629,0.478201027,0.475744244,0.474963274
0.593,0.493119613,0.353042061,0.553406422,0.553475063,0.553502318
0.425,0.424929276,0.423328383,0.419767655,0.417476464,0.411554281
0.375,0.381121861,0.403791292,0.415027173,0.379220182,0.399683554
0.449,0.426868525,0.400639548,0.403542895,0.425031426,0.400123121
0.878,0.876846427,0.866518455,0.862171039,0.87290339,0.870644711
0.369,0.369783588,0.374806509,0.404035241,0.376235581,0.386028823
0.322,0.322087114,0.325862788,0.315846802,0.323151856,0.32381386
0.408,0.50627199,0.545164841,0.494712908,0.508547695,0.519256247
0.399,0.398354817,0.517649163,0.48292118,0.500946739,0.468396315
0.331,0.330099732,0.328455076,0.324761842,0.322793653,0.322080206
0.485,0.481922249,0.458703772,0.441994155,0.47598637,0.501693785
0.134,0.134869475,0.148398225,0.175542435,0.152629818,0.157305149
0.372,0.372026037,0.371886297,0.360370964,0.367953965,0.360949095
0.615,0.61486947,0.606874068,0.592515585,0.614735171,0.601972319
0.3,0.300443727,0.308834569,0.313320047,0.304405891,0.309955189
0.481,0.430137394,0.380968774,0.440472337,0.516371184,0.47047483
0.372,0.394646781,0.407655534,0.410012646,0.453586927,0.419406559
0.347,0.347201169,0.350052519,0.353749825,0.347785536,0.346159181
0.449,0.464447152,0.37264909,0.458029955,0.509015013,0.469976878
0.573,0.519690246,0.533150495,0.538879216,0.533257148,0.530752834
0.246,0.247011445,0.255590137,0.291480742,0.254513273,0.264297181
0.528,0.5279337,0.523534185,0.527443541,0.52660144,0.524688946
0.452,0.485327555,0.491894467,0.431609805,0.411834162,0.424772808
0.318,0.359131394,0.333850714,0.360290195,0.332716374,0.373930127
0.56,0.566120737,0.580017949,0.509137743,0.479044574,0.469909744
0.347,0.347014101,0.354380578,0.347210881,0.350015731,0.350659117
0.576,0.533242142,0.494283766,0.561817356,0.569151749,0.538131569
0.373,0.373122336,0.373531471,0.389390858,0.373417214,0.371646076
0.571,0.503382574,0.479867117,0.44631216,0.434753488,0.458923824
0.389,0.389330727,0.389807718,0.41232963,0.390163988,0.394851128
0.398,0.397841579,0.399936722,0.392079586,0.393219089,0.386336181
0.28,0.280151611,0.284810212,0.290328667,0.281326506,0.288240559
0.465,0.464969683,0.465767607,0.455603363,0.45840638,0.458558351
0.467,0.46742862,0.471520556,0.492150192,0.473552207,0.477211121
0.382,0.382052054,0.383668402,0.395615191,0.382383432,0.386870879
0.431,0.478218352,0.467940353,0.461143109,0.49485484,0.575714905
0.507,0.507162484,0.507902162,0.507541928,0.506998843,0.506886443
0.369,0.446062279,0.408065056,0.432058065,0.390024371,0.414983096
0.434,0.396191712,0.395360275,0.426900766,0.385093125,0.378538381
0.667,0.666593458,0.655318799,0.63249794,0.66167275,0.659527779
0.411,0.410762974,0.41196248,0.413340548,0.406799256,0.408095915
0.407,0.444999521,0.462506893,0.432802471,0.419771687,0.471181558
0.329,0.368556761,0.364431038,0.408179734,0.376237758,0.378849006
0.477,0.476994256,0.475651174,0.482719213,0.478193755,0.475937184
0.401,0.40116562,0.401301875,0.402356368,0.398219808,0.403517583
0.334,0.4676083,0.514195537,0.442535621,0.45464378,0.431338286
0.369,0.368574594,0.367832097,0.3692073,0.365265057,0.358293648
0.455,0.455113922,0.455113657,0.461001125,0.454857967,0.454222454
0.526,0.54665002,0.542426505,0.546212522,0.521986618,0.565093856
0.603,0.602796204,0.597685472,0.591575245,0.599386202,0.598625299
0.508,0.507796532,0.506287064,0.484474204,0.503337425,0.489973368
0.423,0.39589397,0.391737188,0.402009393,0.374460785,0.381014449
0.719,0.698511656,0.677813254,0.634877975,0.683537715,0.670958338
0.408,0.391937996,0.39683853,0.446408818,0.433471808,0.401730372
0.428,0.446933011,0.410848444,0.413468949,0.363480853,0.426472312
0.864,0.437022414,0.636588288,0.659201929,0.627660372,0.596905665
0.53,0.529935102,0.533510059,0.517121785,0.526701876,0.528036341
0.284,0.284146058,0.291748025,0.295099708,0.287262204,0.291613438
0.373,0.374160015,0.383747804,0.420347303,0.38759575,0.394456482
0.385,0.39166706,0.4307947,0.405839835,0.408600854,0.398047565
0.296,0.296368184,0.301613049,0.303728436,0.302102494,0.303669091
0.498,0.496750053,0.491114222,0.480483902,0.495376553,0.481593365
0.413,0.413316222,0.414736074,0.445838757,0.420731507,0.429571245
0.307,0.307006076,0.311310434,0.348720531,0.314289046,0.318136899
0.483,0.48262978,0.477791645,0.458307378,0.480353228,0.471822323
0.558,0.557417216,0.548684663,0.532384939,0.550978694,0.55157138
0.364,0.424605104,0.412346089,0.421700391,0.383952041,0.42948366
0.621,0.620925825,0.612654218,0.616688008,0.620095718,0.620020332
0.623,0.524655527,0.577096035,0.466262989,0.496879956,0.523309484
0.391,0.473944156,0.454063623,0.455188854,0.459830631,0.493844954
0.34,0.340191964,0.347853241,0.356116777,0.34404551,0.343175479
0.467,0.467070347,0.469030244,0.469977211,0.467400364,0.472097568
0.294,0.294255742,0.295583436,0.295244221,0.293246081,0.291612794
0.429,0.467030605,0.473739642,0.475932637,0.444291224,0.442257227
0.492,0.491944818,0.49028872,0.481405029,0.492160313,0.491914397
0.464,0.463742198,0.460655127,0.445736684,0.453848599,0.450702544
0.309,0.309333025,0.315582169,0.32993622,0.312526805,0.312668668
0.724,0.723310363,0.707145616,0.686150967,0.716639421,0.710240919
0.391,0.391069309,0.394440179,0.387479043,0.390574489,0.389000181
0.533,0.533179238,0.536121768,0.530124167,0.533784219,0.531022467
0.272,0.2723682,0.276416802,0.286481565,0.27440348,0.287890339
0.658,0.658022411,0.656236923,0.64811178,0.6570441,0.659724254
0.434,0.42334049,0.452920605,0.445396896,0.433110343,0.414439661
0.399,0.398996811,0.400463785,0.418796414,0.399956678,0.395628918
0.337,0.33674887,0.336584467,0.333148017,0.334069422,0.334194649
0.577,0.5767658,0.570770922,0.586613147,0.578420724,0.579540987
0.325,0.325117875,0.328254102,0.318871589,0.32320556,0.322210122
0.408,0.407916942,0.407196022,0.409841261,0.409115628,0.405459272
0.54,0.52644041,0.542867414,0.489254694,0.522948977,0.509087484
0.649,0.648067634,0.639444394,0.606700317,0.639931864,0.630047992
0.459,0.459201504,0.465130182,0.484898761,0.462336395,0.46336069
0.459,0.458957023,0.459390696,0.459569333,0.458174108,0.45834068
0.333,0.333036089,0.332883704,0.349281515,0.335052279,0.336242907
0.392,0.384257386,0.468385411,0.457384589,0.398075073,0.419021372
0.74,0.499389916,0.557523432,0.505933444,0.56765528,0.545431176
0.396,0.398047594,0.400075986,0.361662585,0.383644636,0.380679175
0.538,0.537987101,0.538625883,0.545239235,0.539759851,0.545330748
0.39,0.390115298,0.391749024,0.397374654,0.389580992,0.390761861
0.496,0.495915727,0.492292839,0.487394617,0.490692973,0.492909592
0.489,0.489020954,0.488064199,0.49333701,0.485985944,0.488482732
0.28,0.280730458,0.290967423,0.292962541,0.282694429,0.282144154
0.502,0.501868268,0.496836076,0.463951241,0.496806512,0.493034905
0.331,0.331231466,0.332522552,0.336570923,0.331130184,0.337079345
0.629,0.628667021,0.616991175,0.594178024,0.619198357,0.611503329
0.317,0.317102198,0.323515718,0.356453017,0.322259845,0.322617955
0.273,0.273180711,0.284729433,0.299883933,0.2795152,0.281097011
0.434,0.394137433,0.411337006,0.409366426,0.389122298,0.389215933
0.37,0.370033331,0.372542008,0.38831545,0.373885357,0.372584504
0.58,0.580187486,0.577882389,0.570722844,0.577335754,0.575106377
0.283,0.290383458,0.337231521,0.330470476,0.333069605,0.333146207
0.429,0.42890264,0.433444615,0.438910764,0.430707868,0.430093087
0.396,0.396089563,0.395829476,0.408222168,0.398694331,0.394384654
0.446,0.446074322,0.44636601,0.472965104,0.44796907,0.450486207
0.371,0.371134814,0.371705965,0.384446728,0.375318381,0.380692364
0.367,0.419302829,0.391701195,0.404789462,0.377378898,0.356183426
0.384,0.370107224,0.423071167,0.460354333,0.446905278,0.413669957
0.362,0.362013361,0.365988329,0.370054186,0.360141033,0.359039851
0.341,0.341062672,0.342599084,0.354594931,0.345049809,0.34592595
0.307,0.307480522,0.310614016,0.325786651,0.312072477,0.312131919
0.343,0.450245283,0.434244525,0.524898442,0.482471548,0.484708788
0.558,0.557921986,0.548696872,0.549116818,0.55786213,0.556059809
0.46,0.457654598,0.493031664,0.485634804,0.458251874,0.551474992
0.469,0.469426606,0.471869651,0.48033906,0.474352426,0.477875184
0.587,0.467345829,0.501037779,0.482007579,0.418133391,0.518750845
0.345,0.344930589,0.345879838,0.356172253,0.344921002,0.348608284
0.535,0.535737665,0.539524425,0.540832079,0.532321458,0.538126083
0.394,0.393858454,0.392818784,0.38531235,0.388582422,0.387888839
0.363,0.363068057,0.366037694,0.376811826,0.3611991,0.359316871
0.321,0.405892225,0.348781144,0.386617239,0.370602939,0.37069675
0.493,0.442877172,0.430504179,0.463276342,0.468374203,0.493960779
0.654,0.653814418,0.641852843,0.639081591,0.653654682,0.648790507
0.489,0.488766057,0.485242613,0.469552981,0.485124911,0.480711717
0.513,0.513043299,0.509841302,0.516501024,0.50972998,0.512129866
0.476,0.475997848,0.476447305,0.481354441,0.480408441,0.48502415
0.396,0.396206548,0.39945397,0.410566085,0.400462282,0.405502537
0.435,0.412725195,0.427712249,0.418657997,0.413358843,0.437848656
0.556,0.466842018,0.485936784,0.499802217,0.501082424,0.481417265
0.389,0.389356462,0.389558499,0.401059156,0.391951417,0.392789517
0.536,0.535641098,0.530501941,0.510964231,0.532716052,0.534669649
0.435,0.443069744,0.409152213,0.400846914,0.462246854,0.465178488
0.566,0.565901841,0.564851996,0.56787811,0.567434096,0.563637732
0.283,0.293226875,0.321508641,0.310874945,0.289005757,0.308702506
0.314,0.314180639,0.318709599,0.338026588,0.319054698,0.324151018
0.372,0.372323799,0.375431536,0.38709333,0.375495758,0.382437323
0.557,0.557031327,0.559480161,0.565076726,0.561201036,0.559900831
0.279,0.279424822,0.293996016,0.295271804,0.282131467,0.285051198
0.41,0.4102144,0.413112623,0.404279868,0.407415246,0.407137945
0.487,0.486980805,0.483195774,0.489849801,0.488660897,0.488176173
0.459,0.45891278,0.457729484,0.451631052,0.456388375,0.453679217
0.42,0.420038672,0.417712261,0.41908507,0.421475469,0.419178236
0.631,0.469448349,0.464106368,0.470470253,0.513054595,0.487672778
0.294,0.29432616,0.300985736,0.325233907,0.300833607,0.305009985
0.374,0.373970628,0.37839349,0.366836195,0.379243225,0.387792881
0.415,0.414700919,0.411226653,0.422970432,0.413439431,0.408126593
0.324,0.324140057,0.32404537,0.325753548,0.322528808,0.31774449
0.349,0.349103493,0.351858364,0.356667603,0.348766963,0.354211115
0.588,0.587721469,0.586085663,0.571898704,0.588659825,0.588273888
0.42,0.400981524,0.407801705,0.453687414,0.399009064,0.461172199
0.456,0.422364544,0.448051158,0.496116431,0.460128659,0.363082247
0.57,0.569822649,0.568942002,0.574217839,0.567740768,0.566935418
0.673,0.672630946,0.66476485,0.644865017,0.67085008,0.669295074
0.377,0.377264166,0.380834721,0.384485461,0.378105544,0.383565396
0.353,0.352899825,0.355184427,0.352467127,0.354653949,0.351443696
0.543,0.542990653,0.53837014,0.529399927,0.540751469,0.534445822
0.392,0.392182884,0.394662583,0.387832058,0.393385991,0.391072574
0.562,0.561940529,0.562094694,0.564767762,0.564241546,0.560270723
0.403,0.402734098,0.399160053,0.40358029,0.402236005,0.401347861
0.36,0.420138666,0.440689255,0.414027543,0.388365713,0.394039731
0.651,0.650887215,0.651752055,0.656032579,0.651620184,0.653954631
0.599,0.598647265,0.593516468,0.603656594,0.597919473,0.594731238
0.553,0.55286705,0.549015572,0.55621588,0.555370566,0.555488171
0.279,0.279416031,0.283313526,0.299181241,0.285893732,0.288648844
0.445,0.423300648,0.406129068,0.49489574,0.49253946,0.441602308
0.39,0.460061845,0.482543108,0.444034169,0.459660238,0.45035504
0.469,0.469037342,0.471422595,0.470620407,0.468792666,0.467286183
0.642,0.571582854,0.576709378,0.616198239,0.635744697,0.649131786
0.335,0.353171421,0.367515261,0.347445162,0.382482049,0.373803132
0.532,0.532747414,0.536088057,0.554025396,0.53642715,0.542461144
0.454,0.380833954,0.373457889,0.36839744,0.380337826,0.358773862
0.417,0.392713645,0.402893983,0.403950088,0.395866105,0.403718524
0.464,0.437961227,0.340548631,0.455471883,0.426060162,0.482895788
0.389,0.404232014,0.335818477,0.438873696,0.424996326,0.456782252
0.35,0.401261888,0.427907923,0.390691811,0.378117614,0.379173554
0.686,0.686137714,0.684339131,0.675619838,0.679330004,0.681355644
0.325,0.324788947,0.325782518,0.32957262,0.32944494,0.327274472
0.593,0.592804419,0.592611598,0.567633451,0.586113448,0.585695567
0.274,0.275327658,0.283969322,0.318686085,0.286662124,0.294180849
0.481,0.480501215,0.476389529,0.459171969,0.471618914,0.471043423
0.593,0.592881178,0.585476032,0.580262474,0.591142426,0.59113468
0.425,0.411622572,0.37055226,0.435969816,0.460240645,0.38112845
0.394,0.393998476,0.400939915,0.396637914,0.396841872,0.396519912
0.332,0.320606377,0.339458363,0.412266426,0.404191517,0.381241176
0.598,0.597334164,0.586510962,0.576843199,0.594130847,0.585487103
0.365,0.364848343,0.36451573,0.374551012,0.365032709,0.361789133
0.539,0.538899453,0.542429072,0.523608546,0.537059918,0.532031357
0.437,0.436942662,0.436467146,0.431211731,0.437014635,0.433946662
0.391,0.44608564,0.40588786,0.431019974,0.448939363,0.437184541
0.556,0.556508178,0.562423733,0.599987417,0.565358455,0.570044758
0.552,0.552329559,0.550594315,0.545538585,0.552135932,0.550775589
0.333,0.375767549,0.357562799,0.350242662,0.343074641,0.351054721
0.428,0.428121218,0.433719188,0.441953567,0.427337917,0.427099423
0.352,0.351854967,0.352784639,0.359501213,0.351643658,0.35168833
0.344,0.366457178,0.376837718,0.384354163,0.380898496,0.367690436
0.574,0.573604498,0.562096752,0.552961609,0.567026812,0.561021226
0.564,0.563955912,0.561226876,0.564766767,0.56584198,0.567541692
0.321,0.321331968,0.330873218,0.35070794,0.327363498,0.330899445
0.284,0.284560359,0.29485251,0.311955226,0.287992506,0.294007016
0.409,0.401921834,0.388513171,0.401494712,0.398449508,0.417759081
0.479,0.495935617,0.426178426,0.408807673,0.411930659,0.412280396
0.513,0.512929277,0.510699716,0.520492898,0.510611718,0.506964596
0.944,0.940015599,0.921167266,0.891234703,0.92873214,0.926281109
0.316,0.31530889,0.39024315,0.365826374,0.349687183,0.375987198
0.453,0.453131407,0.458110367,0.464925633,0.451360696,0.456028992
0.471,0.470949852,0.468505262,0.448107406,0.467969837,0.465717975
0.45,0.449951145,0.44704766,0.469611926,0.449006923,0.447767638
0.44,0.440042769,0.445891022,0.463396986,0.44219805,0.438420614
0.348,0.347997327,0.349236378,0.367562193,0.350188864,0.354411915
0.657,0.656667145,0.643453956,0.65839479,0.655384806,0.653358959
0.497,0.498119814,0.500973655,0.521604985,0.510035831,0.515995262
0.481,0.481531002,0.487067043,0.493295713,0.486925335,0.485601993
0.449,0.380858104,0.395635716,0.387667333,0.357759606,0.359073028
0.342,0.342053976,0.346108004,0.338371548,0.339542178,0.341608508
0.421,0.421308306,0.419602933,0.433211737,0.421057556,0.413758608
0.282,0.282288179,0.288239931,0.308833843,0.285271401,0.292129907
0.524,0.524219451,0.528220678,0.529188137,0.526280949,0.5251786
0.456,0.455914313,0.455268688,0.461561222,0.456910121,0.448393729
0.387,0.387117761,0.389955785,0.394459886,0.389055817,0.388098991
0.857,0.855771905,0.83041502,0.781154316,0.838620933,0.845119424
0.551,0.496792229,0.476586154,0.461808091,0.463445771,0.468485432
0.305,0.305015878,0.30626599,0.325504774,0.31061651,0.314307719
0.308,0.308081943,0.312053355,0.314756795,0.307482777,0.308536769
0.396,0.395895319,0.400762165,0.40727323,0.400949827,0.403097913
0.645,0.548974076,0.564110382,0.555846734,0.536081804,0.546972889
0.432,0.432124978,0.434641751,0.42539009,0.426646926,0.427491078
0.569,0.568697112,0.561952873,0.583994883,0.568351383,0.5658143
0.341,0.349974602,0.364859189,0.34241011,0.321401274,0.330673865
0.411,0.410911309,0.412498576,0.424339384,0.410116225,0.412635289
0.52,0.520062445,0.519401906,0.534296039,0.527428395,0.525360838
0.372,0.372271865,0.37399754,0.394630505,0.378106316,0.376919405
0.494,0.451054571,0.451076382,0.46648774,0.434356912,0.49097955
0.374,0.374164343,0.378849414,0.38609871,0.376303727,0.378067935
0.267,0.339444822,0.361310742,0.361819807,0.312119588,0.320925761
0.645,0.64418999,0.630455773,0.634733414,0.642657842,0.645062784
0.325,0.354769458,0.358966742,0.366886138,0.378388184,0.373044991
0.347,0.347367902,0.355525059,0.392140253,0.358676828,0.364289411
0.587,0.586877977,0.578878729,0.586348115,0.585295232,0.583039669
0.334,0.333300191,0.330108195,0.34674279,0.329591812,0.325419914
0.374,0.373825894,0.37554932,0.383672617,0.375416111,0.381723222
0.477,0.516774818,0.511867395,0.449145325,0.46599483,0.468192944
0.317,0.317217146,0.324614149,0.349773308,0.325724893,0.327763495
0.396,0.396408525,0.39828654,0.401863942,0.399889606,0.399635943
0.383,0.383114536,0.3833387,0.391175469,0.381592402,0.393490763
0.37,0.428510442,0.43134131,0.416246514,0.406855008,0.403976118
0.397,0.397008633,0.395722566,0.401477041,0.393604338,0.388450937
0.675,0.454105371,0.443951084,0.478879294,0.54373202,0.474970737
0.4,0.400025601,0.401121209,0.400210341,0.395836868,0.393313015
0.541,0.540777381,0.533613899,0.536150907,0.53460248,0.533888308
0.472,0.47204743,0.470143903,0.458443928,0.471891492,0.469845446
0.611,0.611151622,0.611610759,0.615011394,0.606628723,0.614026558
0.302,0.302384019,0.316089481,0.302652055,0.299349612,0.29671691
0.484,0.48379282,0.479262733,0.474607821,0.477478907,0.475006197
0.494,0.493800376,0.490446679,0.477067538,0.484332036,0.479415843
0.282,0.282155219,0.286075471,0.309436757,0.284797885,0.288867041
0.333,0.305013488,0.348524678,0.330162633,0.335057293,0.327596066
0.405,0.40501261,0.40341506,0.421383908,0.403349299,0.406584399
0.352,0.418476129,0.438896549,0.379016216,0.368561393,0.389702884
0.612,0.611857252,0.609963102,0.608719819,0.613439375,0.609607227
0.426,0.426329377,0.428863832,0.448858619,0.428658111,0.433427842
0.436,0.435870573,0.432126741,0.440636406,0.434121172,0.430322155
0.271,0.271344629,0.277171453,0.291512622,0.276292485,0.27911172
0.418,0.418297874,0.417350024,0.419400692,0.41658738,0.420442261
0.638,0.638129038,0.633552125,0.61610667,0.632458996,0.63109551
0.595,0.594842645,0.588440652,0.568715645,0.593109125,0.593663957
0.305,0.403408494,0.396012508,0.468963671,0.417257173,0.315133138
0.513,0.512939009,0.511710324,0.517696971,0.513214537,0.513243565
0.52,0.501884266,0.528318635,0.444153768,0.54657256,0.532562315
0.66,0.659901509,0.65609764,0.623259574,0.655595668,0.647712274
0.668,0.667619237,0.655792399,0.63419392,0.662628315,0.654111207
0.315,0.372461191,0.371419199,0.389775139,0.34591071,0.340201242
0.369,0.403683553,0.397699196,0.375568464,0.362194402,0.361002301
0.529,0.524890104,0.502297859,0.496756949,0.489641278,0.49472579
0.736,0.735442807,0.714967088,0.71637379,0.728491266,0.726084858
0.3,0.300048037,0.303553363,0.305503782,0.300062678,0.298650404
0.565,0.49477175,0.512626616,0.501343097,0.515449208,0.534999942
0.486,0.486492784,0.511404388,0.4284653,0.448088196,0.431894865
0.699,0.700852272,0.704283466,0.736327772,0.701746086,0.713887073
0.4,0.400141494,0.398476956,0.413773815,0.400488759,0.406982716
0.331,0.331388742,0.335700727,0.352795507,0.334203282,0.342217884
0.36,0.359910164,0.361891951,0.364684709,0.360488249,0.359718386
0.512,0.469738169,0.533165504,0.561527186,0.602681649,0.531206075
0.571,0.570729566,0.565416167,0.555718176,0.570890339,0.564660467
0.575,0.574531487,0.570582816,0.547627576,0.57112504,0.56655016
0.441,0.473225664,0.551177676,0.429844249,0.417994326,0.413036533
0.277,0.337411144,0.322825528,0.341804109,0.350088685,0.340470484
0.553,0.552142505,0.548037658,0.570105443,0.549710244,0.547920499
0.485,0.398924935,0.410369319,0.422614693,0.407603299,0.421739852
0.521,0.520718272,0.517119705,0.5128222,0.516614936,0.508318562
0.458,0.457793415,0.452404427,0.434315786,0.447594779,0.446489086
0.457,0.439574543,0.417398991,0.405576239,0.439243287,0.416822722
0.249,0.249231841,0.252522042,0.281360981,0.255875538,0.260289932
0.421,0.425384436,0.417222749,0.428924788,0.404893505,0.411713555
0.24,0.240387756,0.252998882,0.302229889,0.244878662,0.249865083
0.397,0.366406133,0.371091821,0.349508811,0.368556979,0.358123138
0.437,0.436847375,0.43317467,0.423833892,0.430180004,0.423141651
0.323,0.450097177,0.465694159,0.409064859,0.408201946,0.412808379
0.514,0.489347715,0.497983279,0.4774509,0.451788149,0.449883312
0.444,0.443243243,0.440615365,0.424283702,0.438783944,0.433609273
0.641,0.640123559,0.632610339,0.599840435,0.627762917,0.619697412
0.433,0.433120135,0.431357364,0.443024223,0.434543332,0.431106679
0.442,0.442110799,0.440081993,0.440731236,0.441883762,0.444403784
0.575,0.574807784,0.57196653,0.580789414,0.577821527,0.578891717
0.309,0.309049026,0.314258263,0.328505403,0.315618699,0.316780751
0.492,0.491841436,0.484611237,0.48129608,0.486335916,0.489750458
0.332,0.331524344,0.330401494,0.331549299,0.326951522,0.322142165
0.508,0.507729593,0.50868501,0.479490677,0.505759707,0.504359225
0.511,0.510946636,0.506519925,0.483849256,0.505583642,0.502670338
0.632,0.503619998,0.568230477,0.550962061,0.559507753,0.545280732
0.591,0.591048148,0.586782487,0.591125327,0.590006656,0.581745964
0.465,0.465024329,0.465778745,0.448856522,0.470761131,0.475038918
0.379,0.364828575,0.389340956,0.406284505,0.378826668,0.381783465
0.397,0.390686033,0.401505892,0.413483893,0.383898129,0.38111495
0.5,0.499857234,0.496485506,0.494842269,0.497414291,0.491260532
0.64,0.589382671,0.580439059,0.608771082,0.580889767,0.628116282
0.483,0.483192222,0.483160564,0.493305752,0.485687772,0.490833225
0.59,0.589277443,0.579309426,0.580897985,0.586707407,0.578398207
0.54,0.539963158,0.536977747,0.526962503,0.538360398,0.533834932
0.406,0.513074376,0.555184684,0.600845692,0.565099107,0.562103128
0.462,0.461891704,0.464493538,0.478899045,0.459811058,0.46261307
0.383,0.382815401,0.379543588,0.374719309,0.377522442,0.377853853
0.511,0.51099809,0.513924421,0.525586238,0.518947395,0.50906452
0.473,0.473148881,0.47388947,0.475962743,0.474203062,0.47202269
0.308,0.308203203,0.315387085,0.31272217,0.316182437,0.320042354
0.355,0.355255798,0.358236405,0.366200514,0.361076485,0.362472405
0.405,0.392814301,0.413823901,0.420980541,0.404403378,0.404798236
0.33,0.330071125,0.3327142,0.338016149,0.328130698,0.328825633
0.626,0.625527574,0.617815117,0.596472442,0.618677462,0.615137052
0.401,0.401267934,0.400858637,0.443375192,0.408424521,0.413342634
0.379,0.453019711,0.437120251,0.43718479,0.415555525,0.404911766
0.595,0.564347496,0.548876373,0.517122252,0.500886477,0.555257671
0.451,0.452308506,0.463427386,0.49026864,0.460537335,0.47253048
0.395,0.39497175,0.396072734,0.387576779,0.390069423,0.383399938
0.496,0.495759981,0.490721941,0.473749789,0.491460197,0.48361754
0.349,0.38495959,0.389494933,0.408756255,0.395152899,0.410789952
0.275,0.275341088,0.280203726,0.299317645,0.280724096,0.284777581
0.6,0.598314098,0.580708778,0.557717784,0.591003506,0.579833699
0.313,0.31299664,0.314742273,0.334453959,0.318355533,0.316640274
0.237,0.348972211,0.340424662,0.395555235,0.363066911,0.387235904
0.432,0.432017568,0.433247899,0.438796621,0.428456906,0.428422598
0.367,0.438643867,0.425450894,0.43500427,0.427748309,0.393111425
0.281,0.319781434,0.336816378,0.302697808,0.297080963,0.303338972
0.518,0.517960524,0.518008423,0.533200662,0.522259324,0.521572178
0.531,0.530655063,0.525934656,0.503018309,0.519161695,0.507017097
0.374,0.374183687,0.375579107,0.38097408,0.379869195,0.389508688
0.302,0.302293047,0.308993513,0.334842234,0.310060952,0.316253122
0.492,0.49185347,0.490046139,0.476128515,0.488779061,0.485614464
0.512,0.491607474,0.427853279,0.449452692,0.498106919,0.451494539
0.343,0.343060118,0.345707725,0.347133506,0.345520047,0.341631678
0.623,0.622485542,0.617620562,0.610974409,0.619927296,0.616632747
0.515,0.514902323,0.513429715,0.540600902,0.516305417,0.520223312
0.474,0.473952064,0.46957488,0.469173609,0.474107444,0.471852837
0.441,0.441254007,0.445018112,0.443885395,0.443648066,0.442581279
0.762,0.761651084,0.75308316,0.716839787,0.75857407,0.749087417
0.482,0.511562915,0.543174087,0.523820059,0.527425928,0.535155505
0.438,0.438165961,0.439184286,0.432003401,0.429025311,0.424202053
0.377,0.376549685,0.37823036,0.38816072,0.376802583,0.373953528
0.343,0.342193763,0.337609067,0.322848869,0.338021163,0.33361077
0.371,0.370864852,0.375066051,0.378877071,0.369656045,0.371221911
0.311,0.311141822,0.316812927,0.318305775,0.313822448,0.316741818
0.419,0.419215985,0.421175015,0.433776233,0.417610833,0.416779343
0.393,0.435857059,0.355481976,0.401060314,0.361441771,0.390328415
0.361,0.361066764,0.361756284,0.374443486,0.364052852,0.356948298
0.599,0.588761277,0.578292044,0.578272095,0.602217065,0.607276771
0.421,0.420977843,0.417622724,0.412830102,0.417207094,0.413198432
0.275,0.275183057,0.279007215,0.301994485,0.28394596,0.287570981
0.35,0.350367263,0.358150724,0.386097804,0.35609318,0.361231648
0.309,0.309461184,0.319287024,0.348763361,0.321349164,0.326311046
0.63,0.628976257,0.622467952,0.608561603,0.619587914,0.611655289
0.607,0.476893517,0.518561237,0.470671662,0.539947771,0.539256975
0.363,0.36218971,0.358870437,0.349685426,0.355651052,0.348028937
0.459,0.459054417,0.456495409,0.46474288,0.455132212,0.45671609
0.6,0.53531839,0.535245449,0.537198277,0.571818327,0.598477008
0.732,0.66844285,0.661413884,0.638690806,0.682692211,0.652982691
0.362,0.384171057,0.486660699,0.418954798,0.430634576,0.414372766
0.454,0.392919453,0.380329306,0.396496586,0.38474855,0.363172592
0.415,0.41419766,0.414069859,0.410703104,0.408508115,0.40305155
0.436,0.436094174,0.434058853,0.413605266,0.436550369,0.437149497
0.296,0.287783226,0.326183255,0.320684272,0.312218543,0.302476878
0.48,0.39911463,0.418791356,0.405170052,0.399586391,0.421735957
0.373,0.373172009,0.373789899,0.388073843,0.377196745,0.37731526
0.523,0.428529874,0.439991481,0.460413312,0.446814287,0.472717358
0.509,0.508625722,0.504775028,0.493392136,0.504169777,0.494986419
0.534,0.552286238,0.559115776,0.526318259,0.502228532,0.546566408
0.426,0.425719622,0.42746554,0.405566176,0.421158856,0.421960363
0.508,0.507961441,0.507476015,0.516748792,0.507394476,0.499968864
0.602,0.601768558,0.597631796,0.5831775,0.600866198,0.595749924
0.422,0.421880596,0.418612158,0.42166334,0.418965905,0.417250859
0.33,0.330396771,0.334598792,0.325209473,0.332429898,0.330395633
0.433,0.431524643,0.411989382,0.427776794,0.454318919,0.442830667
0.355,0.429492452,0.455243587,0.413042095,0.40055206,0.389356574
0.442,0.442045222,0.441731416,0.459049451,0.438662985,0.441535667
0.366,0.366078542,0.375500198,0.361996017,0.366225042,0.363613717
0.441,0.472669675,0.485252805,0.454997675,0.489933328,0.442092605
0.311,0.311601049,0.318309741,0.310338384,0.314279357,0.316522116
0.395,0.394878148,0.396449906,0.384949266,0.393731179,0.389335254
0.49,0.49000112,0.491387002,0.511343872,0.493840965,0.494636012
0.393,0.392765928,0.395474954,0.39837628,0.396386998,0.40032983
0.311,0.396678224,0.389090849,0.412240888,0.383837213,0.408382457
0.566,0.565877733,0.562735843,0.571635819,0.566197186,0.560674788
0.545,0.545061356,0.541984932,0.553880665,0.545583101,0.552736478
0.42,0.419789155,0.420454547,0.424739734,0.416729329,0.420850167
0.231,0.231400247,0.240002255,0.236713745,0.232597963,0.235182142
0.392,0.392373162,0.395466899,0.394442341,0.39252066,0.393704353
0.375,0.375200295,0.379976547,0.400917707,0.377274688,0.385206655
0.337,0.337250527,0.336574391,0.356278185,0.338046828,0.338177116
0.381,0.39575772,0.393280313,0.358097562,0.354321288,0.35292014
0.456,0.43395159,0.383459477,0.44471471,0.470490437,0.448101914
0.668,0.667744775,0.662902425,0.656015696,0.665043215,0.662365153
0.361,0.462380024,0.491268476,0.550247699,0.479767825,0.47653286
0.532,0.502266807,0.550429049,0.49439077,0.51568625,0.572818171
0.469,0.469253976,0.468650734,0.476525267,0.468115596,0.473302471
0.334,0.420177881,0.417406566,0.404436855,0.410831164,0.410757063
0.343,0.343384331,0.352086747,0.353662032,0.343913078,0.344407263
0.36,0.359744607,0.363020344,0.342410476,0.360446448,0.355889753
0.553,0.553051874,0.550623589,0.556134548,0.553772961,0.557644181
0.44,0.440146423,0.434338181,0.453492913,0.438599818,0.440298351
0.345,0.345163543,0.351991509,0.377119039,0.349044823,0.355542057
0.388,0.388129469,0.38966929,0.391365808,0.386396577,0.389295603
0.378,0.423094716,0.435163534,0.475754566,0.418393536,0.420625713
0.508,0.507511707,0.503320947,0.495329433,0.504091926,0.49480642
0.527,0.527081869,0.522190325,0.519038292,0.530980915,0.528733643
0.367,0.367157324,0.371660666,0.391109972,0.370319047,0.374508905
0.322,0.321864992,0.318906428,0.329603607,0.325439203,0.318734417
0.392,0.392093785,0.393592349,0.384740897,0.395332837,0.398026425
0.65,0.649730501,0.640388878,0.61939029,0.643273205,0.641000945
0.404,0.404696084,0.410222431,0.421762643,0.410521443,0.40895246
0.477,0.469885921,0.480332511,0.503555364,0.457961934,0.44146955
0.459,0.45927953,0.459423392,0.470688938,0.461445837,0.464147937
0.589,0.588696662,0.583651662,0.578305523,0.587841564,0.588941727
0.38,0.382683185,0.334222268,0.367732083,0.372231805,0.391489281
0.391,0.390959951,0.389093373,0.407544211,0.39236007,0.392365959
0.507,0.507004909,0.508039702,0.530348045,0.508886194,0.516672254
0.51,0.510019014,0.510706909,0.52593481,0.51256892,0.512039375
0.625,0.624686323,0.616719234,0.620492312,0.622678824,0.618660165
0.376,0.376278758,0.383766728,0.407635711,0.377344482,0.376348319
0.37,0.385277526,0.393530488,0.402306054,0.386720628,0.388770278
0.421,0.365389339,0.38268984,0.35881228,0.369339562,0.370674645
0.352,0.422535364,0.419006331,0.369483854,0.351029874,0.340064661
0.367,0.367206757,0.373703002,0.362250713,0.357757679,0.358192067
0.678,0.677685038,0.668094651,0.662836008,0.68072271,0.675921934
0.31,0.310172879,0.310339924,0.3165556,0.315327318,0.31809721
0.683,0.552849581,0.612440241,0.499575011,0.546412759,0.556332933
0.502,0.454701847,0.463456896,0.421718332,0.436346995,0.481765918
0.362,0.403568672,0.394366974,0.410116384,0.390312925,0.417927826
0.417,0.416919396,0.418981822,0.413594531,0.411056492,0.405281341
0.381,0.381301393,0.380373913,0.391810057,0.383421486,0.38684613
0.499,0.498833446,0.491853539,0.491043914,0.496569975,0.494898334
0.552,0.525301458,0.512845035,0.539502349,0.548693323,0.564214416
0.39,0.419106367,0.420621132,0.405917643,0.389929184,0.381793492
0.464,0.463976001,0.463460566,0.458556307,0.464894369,0.462772273
0.48,0.425555193,0.407857936,0.446529076,0.469819192,0.442751981
0.427,0.427060735,0.425618985,0.434593072,0.425412491,0.426096287
0.41,0.430399085,0.378679986,0.382845799,0.43508797,0.406228051
0.3,0.299938795,0.300482528,0.306429022,0.299502812,0.298953792
0.422,0.49627244,0.471718716,0.483284303,0.462450791,0.484142335
0.367,0.367364966,0.370828714,0.384119319,0.365733515,0.367875168
0.412,0.411871644,0.409908528,0.386841772,0.406749236,0.406126795
0.377,0.377142872,0.379531561,0.388973114,0.378794844,0.386935641
0.631,0.631068547,0.628246978,0.642005928,0.637950892,0.639926001
0.393,0.393201868,0.397329723,0.407629099,0.394707672,0.395860296
0.312,0.344091855,0.349266645,0.372073004,0.379778931,0.363687408
0.494,0.493760547,0.490797823,0.500497624,0.490325397,0.482668184
0.417,0.390509115,0.375881657,0.428076671,0.408757971,0.414793557
0.504,0.461147391,0.482653346,0.529978549,0.511037767,0.480155503
0.426,0.426040268,0.426781283,0.420320973,0.426352683,0.418754378
0.497,0.496717647,0.490377427,0.484785406,0.498768678,0.496391786
0.421,0.500968736,0.45826378,0.440001995,0.505381979,0.404819299
0.246,0.246176359,0.260706917,0.281301382,0.250720508,0.254593753
0.369,0.442912015,0.390614309,0.429809057,0.439101461,0.442143608
0.355,0.355560572,0.361726488,0.370549263,0.35390052,0.355543092
0.416,0.416079795,0.41560045,0.415173112,0.41561059,0.4242115
0.366,0.384878874,0.387752971,0.409455558,0.384462256,0.38775654
0.399,0.398943149,0.404262976,0.392782742,0.400253139,0.405489665
0.558,0.557829108,0.552804197,0.563762086,0.558223941,0.558436787
0.49,0.447230541,0.520783063,0.337323714,0.401871357,0.388388067
0.477,0.476819536,0.472326156,0.472119805,0.481340087,0.47735312
0.624,0.623608911,0.615251875,0.611580458,0.617105884,0.603043023
0.504,0.515331104,0.500769407,0.547006863,0.574642201,0.537618056
0.382,0.382320276,0.386065532,0.387044957,0.382749135,0.385177944
0.472,0.472023247,0.470679426,0.460997958,0.471690192,0.469100574
0.406,0.405955491,0.40760546,0.424240624,0.401840829,0.406947909
0.295,0.295175592,0.305296907,0.334154102,0.3004687,0.314123374
0.365,0.365299519,0.368732117,0.379434409,0.369286479,0.371582105
0.333,0.333250604,0.338135801,0.350766154,0.337154366,0.338092358
0.407,0.406995825,0.407983123,0.400889368,0.404678756,0.406092355
0.573,0.572804359,0.564921772,0.581875979,0.569685994,0.56245123
0.456,0.455946383,0.453356538,0.453593836,0.456743466,0.458750861
0.379,0.379073208,0.381206386,0.374712841,0.37841756,0.375762156
0.275,0.34859659,0.320559098,0.326463558,0.340281547,0.321045597
0.316,0.316405409,0.324880158,0.317802656,0.317233509,0.318666135
0.31,0.414473529,0.387383828,0.452805199,0.409166405,0.456063656
0.428,0.427783582,0.427365717,0.430943502,0.428400699,0.426883833
0.373,0.372607632,0.365541834,0.367925303,0.358510494,0.337769508
0.608,0.607735924,0.602024948,0.594560918,0.606230002,0.600693172
0.456,0.456167872,0.456776151,0.467202527,0.46054718,0.462960903
0.52,0.52097881,0.526626121,0.54379655,0.53121208,0.531660132
0.616,0.614405267,0.609620584,0.581899061,0.600485028,0.593064534
0.397,0.397097537,0.400500046,0.416449442,0.398885166,0.406314297
0.423,0.422960235,0.421952344,0.418004107,0.421521001,0.430668803
0.483,0.483165094,0.478254383,0.482592059,0.479958404,0.477554243
0.424,0.423884046,0.432790005,0.435181648,0.430715761,0.427844575
0.332,0.33217755,0.334519785,0.36318908,0.335581449,0.341117913
0.391,0.456273951,0.430245639,0.352264851,0.414133291,0.397093017
0.354,0.353985895,0.358184376,0.368372192,0.355902557,0.356188064
0.675,0.674363422,0.663635336,0.644410579,0.671905041,0.662748205
0.433,0.43211114,0.429761807,0.429306719,0.429279826,0.429214444
0.355,0.427469947,0.425018866,0.405847787,0.374482842,0.418197839
0.591,0.524119589,0.506953832,0.566295621,0.581276631,0.588201936
0.684,0.683451582,0.670607679,0.650632438,0.675310661,0.667262653
0.516,0.515858391,0.510798587,0.522012013,0.517043014,0.518460216
0.051,0.327912756,0.347001447,0.329152924,0.310821884,0.29317739
0.391,0.391310817,0.398792564,0.384847126,0.387360289,0.39242865
0.409,0.409741815,0.420438018,0.422448602,0.41066544,0.412483005
0.543,0.543073115,0.539998294,0.519810813,0.538265941,0.533343613
0.296,0.423852927,0.412118866,0.437770619,0.434635708,0.444414174
0.404,0.39451044,0.441075257,0.482534124,0.408921773,0.439937536
0.47,0.470005549,0.469532377,0.479518734,0.469642101,0.469895836
0.415,0.422636287,0.420873206,0.448160239,0.427918239,0.460319178
0.503,0.502907583,0.498128919,0.495752396,0.496148831,0.499597842
0.408,0.408784225,0.413304904,0.430304985,0.413072248,0.421885896
0.519,0.518825474,0.512014543,0.514831338,0.511921703,0.517657936
0.372,0.371999529,0.379150797,0.395051647,0.370319842,0.370611414
0.692,0.692171431,0.688468302,0.679616612,0.685892576,0.679114344
0.467,0.45077935,0.395287268,0.425844972,0.430231929,0.430955386
0.399,0.420279562,0.423514313,0.421841372,0.508899877,0.505760869
0.576,0.575629429,0.568140324,0.554141421,0.569766333,0.571905335
0.465,0.464770893,0.460488326,0.469438927,0.459691882,0.459352298
0.446,0.446045313,0.442048946,0.432616502,0.441876316,0.443127451
0.473,0.455919814,0.460562579,0.458243474,0.490439557,0.493255539
0.464,0.463713255,0.46099669,0.454541137,0.455935822,0.452692742
0.394,0.428214253,0.394737311,0.390419826,0.394831973,0.380320887
0.537,0.536742067,0.533263401,0.538819708,0.535198313,0.537049469
0.389,0.471975707,0.46558055,0.476426196,0.45077775,0.426612629
0.332,0.383945229,0.367927524,0.372347675,0.379442933,0.365119105
0.413,0.413952479,0.419822609,0.430046745,0.412563505,0.423181774
0.337,0.366110914,0.373021473,0.391971974,0.386611282,0.383005296
0.449,0.44939466,0.457718231,0.478025733,0.451425923,0.455123339
0.242,0.242400437,0.248188764,0.246490266,0.244722472,0.24481754
0.468,0.467921129,0.466284308,0.460477749,0.465990649,0.464578394
0.733,0.457106442,0.549972185,0.494382122,0.370587222,0.452306287
0.351,0.350840429,0.346783428,0.337221724,0.338865986,0.333635727
0.409,0.40894953,0.410884769,0.420364061,0.405869255,0.404536849
0.427,0.4270603,0.425864353,0.432784325,0.425779403,0.423082516
0.438,0.439225234,0.450575295,0.448776699,0.438257375,0.447522635
0.345,0.374508633,0.377007023,0.513609195,0.467232073,0.490433656
0.669,0.668633542,0.656830824,0.652555704,0.665848879,0.658168016
0.529,0.529520464,0.526226835,0.546550491,0.539011765,0.537701206
0.404,0.430412316,0.470258187,0.464871628,0.434977941,0.462059896
0.261,0.32451239,0.355034915,0.35844153,0.338710904,0.348855326
0.544,0.40113462,0.413637121,0.477027975,0.551169449,0.497756109
0.559,0.558921511,0.555320968,0.564973109,0.557818087,0.556374619
0.445,0.445200901,0.444291444,0.432223246,0.44658976,0.447787704
0.575,0.574694034,0.56946249,0.590686885,0.576987591,0.579025336
0.329,0.329184234,0.332938075,0.325551887,0.327041324,0.33016165
0.471,0.43320984,0.485198647,0.430151388,0.411448712,0.430382697
0.657,0.656723998,0.652247925,0.611562321,0.645364856,0.631859437
0.414,0.413964782,0.418370817,0.425139686,0.414869591,0.417596091
0.485,0.484569934,0.478883643,0.475950247,0.480137247,0.469469322
0.58,0.579730254,0.569151957,0.56186145,0.580701868,0.574784476
0.678,0.678133722,0.670843937,0.659547715,0.676318145,0.671161855
0.232,0.23251705,0.240924029,0.259706131,0.239838635,0.250880177
0.287,0.323378084,0.331856359,0.374650124,0.34923313,0.361957412
0.526,0.525876914,0.522486443,0.502388597,0.524420145,0.520333838
0.557,0.359066037,0.435802508,0.532870002,0.484852316,0.488688458
0.889,0.886972547,0.862915264,0.794877186,0.876849594,0.876194037
0.433,0.433326648,0.434817191,0.472009042,0.433059225,0.438063242
0.575,0.551828063,0.460541766,0.545300605,0.50108394,0.576809365
0.429,0.429453885,0.430891791,0.415594303,0.425942933,0.4193723
0.377,0.395639681,0.419165007,0.4051388,0.390107162,0.386912966
0.451,0.451061159,0.453527106,0.454105789,0.453733611,0.457652861
0.399,0.399022841,0.400803866,0.398003812,0.393670632,0.393340813
0.335,0.335328967,0.354659305,0.394772336,0.344411831,0.36055054
0.418,0.41816857,0.426842514,0.421606012,0.41886596,0.420057327
0.345,0.345305223,0.350977337,0.351691241,0.350328395,0.356152036
0.679,0.634329029,0.629398924,0.640584041,0.627814287,0.646258486
0.451,0.450846851,0.454003074,0.440957284,0.449309354,0.450069288
0.394,0.340914979,0.332707778,0.320042515,0.304000413,0.298287225
0.378,0.378072755,0.380106474,0.398308953,0.382468771,0.386936788
0.399,0.39917276,0.397333056,0.401145146,0.399500388,0.400225829
0.382,0.407263422,0.373004763,0.384374087,0.409578238,0.39194501
0.404,0.403480187,0.402671916,0.393640396,0.396457379,0.392815756
0.439,0.412661802,0.434747733,0.447919181,0.44191615,0.451812482
0.634,0.548463224,0.536185053,0.576229814,0.562434214,0.571044633
0.517,0.506171132,0.48482905,0.484790347,0.491730717,0.474803813
0.344,0.343775656,0.348501585,0.354025603,0.344857965,0.34565705
0.385,0.385195217,0.388829547,0.403020788,0.38993416,0.397818467
0.353,0.353063525,0.355617504,0.377415533,0.357336692,0.362116164
0.275,0.275397104,0.283420182,0.30839324,0.279409117,0.285506542
0.465,0.463028631,0.47303781,0.40179376,0.43525427,0.404797804
0.5,0.453860262,0.401463143,0.471577432,0.434041131,0.457735527
0.341,0.341190387,0.348507669,0.358226434,0.342280434,0.343292851
0.443,0.442863922,0.449744354,0.421219589,0.438333632,0.434002334
0.909,0.477700686,0.430053216,0.423539559,0.576923508,0.644185659
0.395,0.395242743,0.403673492,0.419728824,0.399253656,0.405500863
0.439,0.471362873,0.425730076,0.493143494,0.444174605,0.468907142
0.364,0.364114567,0.364790305,0.373386944,0.363412514,0.367359074
0.542,0.541858915,0.539360102,0.542452526,0.540472772,0.539923191
0.485,0.51615948,0.49956067,0.526689462,0.522416787,0.506210607
0.405,0.404976342,0.404248242,0.406846591,0.401668161,0.403625669
0.43,0.478119168,0.464006833,0.451669132,0.502122778,0.449234888
0.362,0.36223349,0.366684647,0.382389569,0.366776328,0.367838995
0.396,0.396093679,0.394925362,0.395340556,0.396453322,0.391019611
0.366,0.366112843,0.37187819,0.397297636,0.373087685,0.376727599
0.612,0.611236948,0.601246,0.59647321,0.609324773,0.602181893
0.448,0.406570266,0.370813398,0.408111991,0.351559409,0.354610585
0.48,0.479030004,0.471963579,0.464424069,0.474452407,0.474582506
0.359,0.359257706,0.365865879,0.410027455,0.365403858,0.374035669
0.562,0.562151912,0.558458734,0.565959564,0.562362137,0.563846041
0.36,0.360173566,0.369442859,0.389092064,0.366202659,0.371011439
0.32,0.320505004,0.324653764,0.358774813,0.327534277,0.336765871
0.458,0.511094948,0.456016392,0.551328495,0.502241549,0.519775426
0.518,0.452095768,0.430005844,0.463679347,0.483065834,0.443968533
0.449,0.512203795,0.531168954,0.353762699,0.480921295,0.482759342
0.475,0.474952667,0.474177221,0.491624383,0.475900386,0.484290542
0.301,0.34344591,0.343819363,0.361010343,0.322736969,0.359924857
0.535,0.534883147,0.529470815,0.527885924,0.532582956,0.531872388
0.425,0.404190009,0.370947661,0.386230203,0.401144882,0.400438271
0.492,0.441518012,0.455876476,0.483183132,0.460041025,0.445022549
0.297,0.29715573,0.302583346,0.330387958,0.300394502,0.308619879
0.397,0.39652125,0.396754878,0.385716562,0.396356679,0.395429166
0.542,0.543313205,0.541860494,0.56491186,0.546754921,0.552000895
0.383,0.316857361,0.344655753,0.308605708,0.310606455,0.301234596
0.279,0.314399483,0.326750769,0.313871855,0.338217827,0.352183728
0.463,0.443488533,0.473293846,0.44488483,0.503069856,0.47353876
0.402,0.401953616,0.413879155,0.410063419,0.4017755,0.404395953
0.485,0.477909863,0.498909348,0.490923719,0.528770917,0.498054063
0.453,0.468139604,0.422489249,0.465723636,0.47747694,0.454689797
0.66,0.549140653,0.547059986,0.569366173,0.604598434,0.645756815
0.582,0.581820194,0.575872621,0.56015546,0.572198299,0.575894862
0.413,0.413179806,0.41397504,0.424248039,0.414107323,0.41568693
0.389,0.417142223,0.409250709,0.39991318,0.399834401,0.391352423
0.404,0.404133561,0.405479914,0.391274534,0.406125754,0.405310877
0.394,0.394085553,0.401950409,0.414435009,0.396537748,0.398548884
0.466,0.465965417,0.466255427,0.465467034,0.465874656,0.46455111
0.286,0.372075709,0.350251905,0.387165559,0.352557048,0.377521371
0.381,0.380739751,0.380233923,0.366091057,0.375881382,0.380150583
0.434,0.433754493,0.432256187,0.428178059,0.431378397,0.429275565
0.427,0.427161269,0.430241382,0.421707626,0.418503204,0.422064293
0.404,0.404381711,0.410341823,0.412383746,0.404433262,0.410862749
0.51,0.50982474,0.506143565,0.504218088,0.504943139,0.500737648
0.388,0.388043662,0.391400557,0.380001896,0.386434167,0.385771543
0.426,0.42564515,0.42774245,0.439205065,0.422662441,0.418901142
0.422,0.433205078,0.435399654,0.42550115,0.393232166,0.402427921
0.473,0.472956901,0.473712587,0.484230406,0.468604009,0.469236748
0.432,0.432187176,0.434482654,0.441077851,0.433715918,0.440240605
0.599,0.598868296,0.595966996,0.624739823,0.597760508,0.60194608
0.691,0.690261798,0.680691075,0.66268323,0.685601982,0.676989213
0.565,0.465133962,0.516677552,0.461226201,0.553533826,0.487212619
0.369,0.465215514,0.453046347,0.393098536,0.44337913,0.417079927
0.749,0.499260836,0.460441248,0.581670155,0.540306984,0.551810851
0.381,0.381005989,0.384081872,0.399896339,0.383993146,0.3882594
0.415,0.415000333,0.414170979,0.427501595,0.416061921,0.42159941
0.557,0.549484163,0.54098357,0.499372121,0.560182281,0.548818635
0.596,0.595717515,0.588076446,0.586101427,0.591697931,0.584779764
0.644,0.644183891,0.641479068,0.646687636,0.649055754,0.64878712
0.378,0.382194692,0.475618548,0.390591775,0.367607149,0.364767583
0.441,0.440757622,0.440217292,0.417985068,0.432075143,0.428606937
0.514,0.481791502,0.464722491,0.399210997,0.465998673,0.517503032
0.356,0.383732785,0.386668309,0.420229908,0.382495699,0.386845139
0.561,0.560838806,0.556056004,0.572877065,0.562370238,0.55714347
0.43,0.42988494,0.431854412,0.422772394,0.431414096,0.429563986
0.523,0.462200803,0.397903458,0.424099044,0.443741258,0.508572936
0.423,0.423047295,0.422599116,0.41737905,0.416780268,0.418289594
0.583,0.582286282,0.570784342,0.574354,0.578869708,0.573501142
0.535,0.534584351,0.526326879,0.52748444,0.533714744,0.535151346
0.266,0.266139963,0.271507293,0.305663667,0.276447132,0.28299034
0.453,0.529202049,0.547926755,0.459654235,0.502219678,0.478919417
0.56,0.565156671,0.52340747,0.573299537,0.603106006,0.599948421
0.383,0.474090268,0.487895715,0.445040939,0.518691943,0.402653504
0.634,0.633768796,0.628500588,0.639370603,0.6293149,0.632846233
0.441,0.441596404,0.445902833,0.429110281,0.439938711,0.435695769
0.174,0.498569994,0.412465506,0.337372319,0.332865674,0.289162696
0.504,0.490792135,0.460669506,0.470734287,0.442621306,0.454683356
0.457,0.395546019,0.410090443,0.407681653,0.39512111,0.391944583
0.569,0.568572282,0.565169406,0.572067332,0.562163445,0.556793794
0.381,0.381176959,0.391557235,0.401008005,0.386693075,0.383134761
0.591,0.590921144,0.588374322,0.595082022,0.59028632,0.585137673
0.442,0.427986809,0.438451468,0.407457719,0.390586432,0.424147524
0.511,0.510613986,0.503058544,0.506340051,0.508841273,0.50419315
0.397,0.342066926,0.357961888,0.352731173,0.321664467,0.320934365
0.436,0.436219187,0.443578843,0.496251008,0.444143946,0.451943254
0.417,0.417042227,0.418277507,0.415791846,0.41326087,0.414815148
0.495,0.494795842,0.493580478,0.487036545,0.492795611,0.492992852
0.328,0.328255333,0.330902191,0.35471377,0.333065421,0.338790822
0.425,0.424825667,0.424697385,0.424821862,0.419769793,0.420202913
0.37,0.369959789,0.373556118,0.378876342,0.373232453,0.374417985
0.508,0.50796928,0.506645064,0.505171444,0.505053596,0.499976626
0.528,0.427537032,0.462930639,0.430167891,0.452940257,0.456566442
0.202,0.202361336,0.210366427,0.225949007,0.202916431,0.206968734
0.521,0.528081917,0.489113488,0.598600795,0.554432848,0.53206805
0.341,0.340928502,0.344581532,0.361897314,0.344254566,0.34433271
0.513,0.512880257,0.507340999,0.503994177,0.51325301,0.51224434
0.276,0.276515567,0.282327955,0.312811234,0.285801144,0.295400377
0.416,0.41605598,0.4190949,0.412738654,0.412016676,0.413905261
0.344,0.342378222,0.346811316,0.341158206,0.337739449,0.337106062
0.291,0.306184301,0.333963117,0.352401864,0.321607296,0.323829421
0.38,0.380153613,0.377318738,0.393837918,0.387515857,0.394390882
0.516,0.441110155,0.534691325,0.428812284,0.414322265,0.425635364
0.353,0.353268625,0.359348427,0.372432318,0.354205582,0.352825917
0.399,0.423172981,0.420118072,0.385653333,0.372352949,0.374623581
0.396,0.396715368,0.405005043,0.437265635,0.40592389,0.420525517
0.443,0.443157826,0.448726321,0.455550922,0.449448979,0.453285636
0.48,0.382909776,0.380806707,0.416293086,0.44598309,0.433416797
0.387,0.484543132,0.44791248,0.436454702,0.40560733,0.426393969
0.516,0.516043856,0.515226418,0.52200285,0.517018746,0.516667038
0.337,0.337024874,0.335803871,0.357822422,0.336669022,0.342043449
0.464,0.427526964,0.470953171,0.44374053,0.467266052,0.437445523
0.475,0.474716979,0.476687901,0.483956572,0.473790773,0.475441052
0.554,0.554178873,0.558090892,0.55056199,0.560765137,0.567861127
0.545,0.544971335,0.54273678,0.53882254,0.547418132,0.553038348
0.436,0.435700196,0.434587862,0.4369683,0.440018862,0.440073039
0.448,0.448040147,0.448150571,0.44029016,0.444871375,0.448873147
0.339,0.324421374,0.329360599,0.410680399,0.402234277,0.353138226
0.429,0.429150841,0.43358138,0.440788676,0.429899447,0.433282306
0.674,0.525134129,0.561770861,0.543923676,0.550458957,0.549480226
0.356,0.356088335,0.358045442,0.353550041,0.355887413,0.355613084
0.373,0.372877709,0.372394517,0.375046533,0.369762409,0.37298117
0.563,0.563094079,0.562973577,0.574483366,0.560809041,0.563936098
0.446,0.44607949,0.451131562,0.464930181,0.450995388,0.459010208
0.537,0.536409019,0.532608704,0.52025846,0.535772168,0.523388993
0.375,0.375705999,0.38378157,0.397137905,0.377008964,0.380202379
0.336,0.3360125,0.340036734,0.338563966,0.337407232,0.333937901
0.499,0.499279051,0.49717949,0.519331405,0.502573033,0.505901905
0.436,0.457774172,0.438400045,0.456724549,0.406587777,0.41859396
0.45,0.450222077,0.452142697,0.465310279,0.454120439,0.456611266
0.54,0.46401075,0.458289639,0.427210182,0.464510705,0.515754132
0.639,0.63869834,0.632662508,0.621729358,0.63991384,0.638757164
0.438,0.437899259,0.437529596,0.436251214,0.434836574,0.433948297
0.396,0.397192798,0.408198662,0.404716287,0.400462898,0.415180523
0.49,0.489952683,0.49012443,0.466515582,0.484553245,0.48574866
0.354,0.354173996,0.358753202,0.374748971,0.35864263,0.360239957
0.574,0.403151862,0.427646262,0.426959148,0.398158017,0.384897825
0.523,0.522922106,0.518049744,0.538154957,0.523602241,0.52712168
0.425,0.424916004,0.42486914,0.441504991,0.428570792,0.424631793
0.405,0.449126128,0.434782696,0.434223165,0.434602894,0.424902672
0.347,0.347238136,0.350859115,0.349080237,0.349325381,0.356043779
0.464,0.463647641,0.466018159,0.476355617,0.464116486,0.462407548
0.425,0.418295614,0.391001076,0.417237028,0.362062864,0.440169958
0.335,0.33529956,0.336389963,0.359002952,0.334133875,0.336552859
0.532,0.531924179,0.53105187,0.537751788,0.530092495,0.535717756
0.465,0.412923926,0.384936947,0.399681492,0.391876989,0.419634087
0.396,0.396028464,0.398876211,0.40439479,0.393756612,0.394294614
0.344,0.344237572,0.348288571,0.339805501,0.342508368,0.344004555
0.261,0.296264176,0.293591559,0.298758814,0.304362324,0.300831238
0.4,0.399638732,0.398915607,0.406664308,0.400682981,0.397733573
0.418,0.418216664,0.414755544,0.396808608,0.411344915,0.410475191
0.342,0.323061089,0.319121689,0.360136567,0.322891418,0.350069528
0.337,0.399597516,0.399508748,0.38148323,0.383226056,0.379286842
0.302,0.296452777,0.334124917,0.283433996,0.314535832,0.33564948
0.511,0.455187839,0.448700008,0.563037155,0.46284241,0.563203262
0.382,0.382003616,0.384634189,0.374917231,0.377152225,0.375348818
0.677,0.67691514,0.670973543,0.649532891,0.671362322,0.668564893
0.428,0.406089992,0.43110775,0.411831502,0.414885973,0.398813713
0.384,0.459761649,0.453796691,0.424480716,0.42626234,0.433779527
0.422,0.424167232,0.41172619,0.435197639,0.438956384,0.426100129
0.301,0.302680962,0.30496419,0.325779458,0.306864858,0.308597088
0.607,0.607123882,0.602653718,0.594874319,0.603492679,0.605270384
0.587,0.586389232,0.576862435,0.5915961,0.58328884,0.578971373
0.328,0.328242631,0.338391605,0.339441055,0.330933338,0.334932016
0.417,0.414676366,0.40034488,0.47538267,0.431183028,0.497758288
0.386,0.386388492,0.389400477,0.412283722,0.392273859,0.386993791
0.367,0.36726318,0.36827366,0.389006188,0.376113207,0.37111378
